Match ID,Date,Venue,Bat First,Bat Second,Innings,Over,Ball,Batter,Non Striker,Bowler,Batter Runs,Extra Runs,Runs From Ball,Ball Rebowled,Extra Type,Wicket,Method,Player Out,Innings Runs,Innings Wickets,Target Score,Runs to Get,Balls Remaining,Winner,Chased Successfully,Total Batter Runs,Total Non Striker Runs,Batter Balls Faced,Non Striker Balls Faced,Player Out Runs,Player Out Balls Faced,Bowler Runs Conceded,Valid Ball,Year,is_six,bowler_wickets,is_dot_ball,Cumulative Runs,Balls Faced
1359507,2023-04-23,Eden Gardens,Chennai Super Kings,Kolkata Knight Riders,1,1,1,  rd gaikwad  ,DP Conway,UT Yadav,4,0,4,0,[],0,Not Out,None,4,0,236,0.0,119,Chennai Super Kings,0,4,0,1,0,0.0,0.0,4,1,2023,0,0,0,4,1
1359507,2023-04-23,Eden Gardens,Chennai Super Kings,Kolkata Knight Riders,1,1,2,Rd Gaikwad,DP Conway,UT Yadav,0,0,0,0,[],0,Not Out,None,4,0,236,0.0,118,Chennai Super Kings,0,4,0,2,0,0.0,0.0,0,1,2023,0,0,1,0,1
1359507,2023-04-23,Eden Gardens,Chennai Super Kings,Kolkata Knight Riders,1,1,3,Rd Gaikwad,DP Conway,UT Yadav,0,0,0,0,[],0,Not Out,None,4,0,236,0.0,117,Chennai Super Kings,0,4,0,3,0,0.0,0.0,0,1,2023,0,0,1,0,2
1359507,2023-04-23,Eden Gardens,Chennai Super Kings,Kolkata Knight Riders,1,1,4,Rd Gaikwad,DP Conway,UT Yadav,0,0,0,0,[],0,Not Out,None,4,0,236,0.0,116,Chennai Super Kings,0,4,0,4,0,0.0,0.0,0,1,2023,0,0,1,0,3
1359507,2023-04-23,Eden Gardens,Chennai Super Kings,Kolkata Knight Riders,1,1,5,Rd Gaikwad,DP Conway,UT Yadav,1,0,1,0,[],0,Not Out,None,5,0,236,0.0,115,Chennai Super Kings,0,5,0,5,0,0.0,0.0,1,1,2023,0,0,0,1,4
1359507,2023-04-23,Eden Gardens,Chennai Super Kings,Kolkata Knight Riders,1,1,6,Dp Conway,RD Gaikwad,UT Yadav,0,0,0,0,[],0,Not Out,None,5,0,236,0.0,114,Chennai Super Kings,0,0,5,1,5,0.0,0.0,0,1,2023,0,0,1,0,1
1359507,2023-04-23,Eden Gardens,Chennai Super Kings,Kolkata Knight Riders,1,2,1,Rd Gaikwad,DP Conway,D Wiese,1,0,1,0,[],0,Not Out,None,6,0,236,0.0,113,Chennai Super Kings,0,6,0,6,1,0.0,0.0,1,1,2023,0,0,0,2,5
1359507,2023-04-23,Eden Gardens,Chennai Super Kings,Kolkata Knight Riders,1,2,2,Dp Conway,RD Gaikwad,D Wiese,0,0,0,0,[],0,Not Out,None,6,0,236,0.0,112,Chennai Super Kings,0,0,6,2,6,0.0,0.0,0,1,2023,0,0,1,0,2
1359507,2023-04-23,Eden Gardens,Chennai Super Kings,Kolkata Knight Riders,1,2,3,Dp Conway,RD Gaikwad,D Wiese,1,0,1,0,[],0,Not Out,None,7,0,236,0.0,111,Chennai Super Kings,0,1,6,3,6,0.0,0.0,1,1,2023,0,0,0,1,3
1359507,2023-04-23,Eden Gardens,Chennai Super Kings,Kolkata Knight Riders,1,2,4,Rd Gaikwad,DP Conway,D Wiese,1,0,1,0,[],0,Not Out,None,8,0,236,0.0,110,Chennai Super Kings,0,7,1,7,3,0.0,0.0,1,1,2023,0,0,0,3,6
1359507,2023-04-23,Eden Gardens,Chennai Super Kings,Kolkata Knight Riders,1,2,5,Dp Conway,RD Gaikwad,D Wiese,6,0,6,0,[],0,Not Out,None,14,0,236,0.0,109,Chennai Super Kings,0,7,7,4,7,0.0,0.0,6,1,2023,1,0,0,7,4
1359507,2023-04-23,Eden Gardens,Chennai Super Kings,Kolkata Knight Riders,1,2,6,Dp Conway,RD Gaikwad,D Wiese,0,0,0,0,[],0,Not Out,None,14,0,236,0.0,108,Chennai Super Kings,0,7,7,5,7,0.0,0.0,0,1,2023,0,0,1,7,5
1359507,2023-04-23,Eden Gardens,Chennai Super Kings,Kolkata Knight Riders,1,3,1,Rd Gaikwad,DP Conway,UT Yadav,1,0,1,0,[],0,Not Out,None,15,0,236,0.0,107,Chennai Super Kings,0,8,7,8,5,0.0,0.0,1,1,2023,0,0,0,4,7
1359507,2023-04-23,Eden Gardens,Chennai Super Kings,Kolkata Knight Riders,1,3,2,Dp Conway,RD Gaikwad,UT Yadav,0,0,0,0,[],0,Not Out,None,15,0,236,0.0,106,Chennai Super Kings,0,7,8,6,8,0.0,0.0,0,1,2023,0,0,1,7,6
1359507,2023-04-23,Eden Gardens,Chennai Super Kings,Kolkata Knight Riders,1,3,3,Dp Conway,RD Gaikwad,UT Yadav,0,0,0,0,[],0,Not Out,None,15,0,236,0.0,105,Chennai Super Kings,0,7,8,7,8,0.0,0.0,0,1,2023,0,0,1,7,7
1359507,2023-04-23,Eden Gardens,Chennai Super Kings,Kolkata Knight Riders,1,3,4,Dp Conway,RD Gaikwad,UT Yadav,1,0,1,0,[],0,Not Out,None,16,0,236,0.0,104,Chennai Super Kings,0,8,8,8,8,0.0,0.0,1,1,2023,0,0,0,8,8
1359507,2023-04-23,Eden Gardens,Chennai Super Kings,Kolkata Knight Riders,1,3,5,Rd Gaikwad,DP Conway,UT Yadav,0,0,0,0,[],0,Not Out,None,16,0,236,0.0,103,Chennai Super Kings,0,8,8,9,8,0.0,0.0,0,1,2023,0,0,1,4,8
1359507,2023-04-23,Eden Gardens,Chennai Super Kings,Kolkata Knight Riders,1,3,6,Rd Gaikwad,DP Conway,UT Yadav,6,0,6,0,[],0,Not Out,None,22,0,236,0.0,102,Chennai Super Kings,0,14,8,10,8,0.0,0.0,6,1,2023,1,0,0,10,9
1359507,2023-04-23,Eden Gardens,Chennai Super Kings,Kolkata Knight Riders,1,4,1,Dp Conway,RD Gaikwad,CV Varun,0,0,0,0,[],0,Not Out,None,22,0,236,0.0,101,Chennai Super Kings,0,8,14,9,10,0.0,0.0,0,1,2023,0,0,1,8,9
1359507,2023-04-23,Eden Gardens,Chennai Super Kings,Kolkata Knight Riders,1,4,2,Dp Conway,RD Gaikwad,CV Varun,0,0,0,0,[],0,Not Out,None,22,0,236,0.0,100,Chennai Super Kings,0,8,14,10,10,0.0,0.0,0,1,2023,0,0,1,8,10
1359507,2023-04-23,Eden Gardens,Chennai Super Kings,Kolkata Knight Riders,1,4,3,Dp Conway,RD Gaikwad,CV Varun,0,0,0,0,[],0,Not Out,None,22,0,236,0.0,99,Chennai Super Kings,0,8,14,11,10,0.0,0.0,0,1,2023,0,0,1,8,11
1359507,2023-04-23,Eden Gardens,Chennai Super Kings,Kolkata Knight Riders,1,4,4,Dp Conway,RD Gaikwad,CV Varun,2,0,2,0,[],0,Not Out,None,24,0,236,0.0,98,Chennai Super Kings,0,10,14,12,10,0.0,0.0,2,1,2023,0,0,0,10,12
1359507,2023-04-23,Eden Gardens,Chennai Super Kings,Kolkata Knight Riders,1,4,5,Dp Conway,RD Gaikwad,CV Varun,6,0,6,0,[],0,Not Out,None,30,0,236,0.0,97,Chennai Super Kings,0,16,14,13,10,0.0,0.0,6,1,2023,1,0,0,16,13
1359507,2023-04-23,Eden Gardens,Chennai Super Kings,Kolkata Knight Riders,1,4,6,Dp Conway,RD Gaikwad,CV Varun,1,0,1,0,[],0,Not Out,None,31,0,236,0.0,96,Chennai Super Kings,0,17,14,14,10,0.0,0.0,1,1,2023,0,0,0,17,14
1359507,2023-04-23,Eden Gardens,Chennai Super Kings,Kolkata Knight Riders,1,5,1,Dp Conway,RD Gaikwad,D Wiese,4,0,4,0,[],0,Not Out,None,35,0,236,0.0,95,Chennai Super Kings,0,21,14,15,10,0.0,0.0,4,1,2023,0,0,0,21,15
1359507,2023-04-23,Eden Gardens,Chennai Super Kings,Kolkata Knight Riders,1,5,2,Dp Conway,RD Gaikwad,D Wiese,2,0,2,0,[],0,Not Out,None,37,0,236,0.0,94,Chennai Super Kings,0,23,14,16,10,0.0,0.0,2,1,2023,0,0,0,23,16
1359507,2023-04-23,Eden Gardens,Chennai Super Kings,Kolkata Knight Riders,1,5,3,Dp Conway,RD Gaikwad,D Wiese,4,0,4,0,[],0,Not Out,None,41,0,236,0.0,93,Chennai Super Kings,0,27,14,17,10,0.0,0.0,4,1,2023,0,0,0,27,17
1359507,2023-04-23,Eden Gardens,Chennai Super Kings,Kolkata Knight Riders,1,5,4,Dp Conway,RD Gaikwad,D Wiese,2,0,2,0,[],0,Not Out,None,43,0,236,0.0,92,Chennai Super Kings,0,29,14,18,10,0.0,0.0,2,1,2023,0,0,0,29,18
1359507,2023-04-23,Eden Gardens,Chennai Super Kings,Kolkata Knight Riders,1,5,5,Dp Conway,RD Gaikwad,D Wiese,2,0,2,0,[],0,Not Out,None,45,0,236,0.0,91,Chennai Super Kings,0,31,14,19,10,0.0,0.0,2,1,2023,0,0,0,31,19
1359507,2023-04-23,Eden Gardens,Chennai Super Kings,Kolkata Knight Riders,1,5,6,Dp Conway,RD Gaikwad,D Wiese,0,0,0,0,[],0,Not Out,None,45,0,236,0.0,90,Chennai Super Kings,0,31,14,20,10,0.0,0.0,0,1,2023,0,0,1,31,20
1359507,2023-04-23,Eden Gardens,Chennai Super Kings,Kolkata Knight Riders,1,6,1,Rd Gaikwad,DP Conway,K Khejroliya,1,0,1,0,[],0,Not Out,None,46,0,236,0.0,89,Chennai Super Kings,0,15,31,11,20,0.0,0.0,1,1,2023,0,0,0,11,10
1359507,2023-04-23,Eden Gardens,Chennai Super Kings,Kolkata Knight Riders,1,6,2,Dp Conway,RD Gaikwad,K Khejroliya,4,0,4,0,[],0,Not Out,None,50,0,236,0.0,88,Chennai Super Kings,0,35,15,21,11,0.0,0.0,4,1,2023,0,0,0,35,21
1359507,2023-04-23,Eden Gardens,Chennai Super Kings,Kolkata Knight Riders,1,6,3,Dp Conway,RD Gaikwad,K Khejroliya,1,0,1,0,[],0,Not Out,None,51,0,236,0.0,87,Chennai Super Kings,0,36,15,22,11,0.0,0.0,1,1,2023,0,0,0,36,22
1359507,2023-04-23,Eden Gardens,Chennai Super Kings,Kolkata Knight Riders,1,6,4,Rd Gaikwad,DP Conway,K Khejroliya,6,0,6,0,[],0,Not Out,None,57,0,236,0.0,86,Chennai Super Kings,0,21,36,12,22,0.0,0.0,6,1,2023,1,0,0,17,11
1359507,2023-04-23,Eden Gardens,Chennai Super Kings,Kolkata Knight Riders,1,6,5,Rd Gaikwad,DP Conway,K Khejroliya,2,0,2,0,[],0,Not Out,None,59,0,236,0.0,85,Chennai Super Kings,0,23,36,13,22,0.0,0.0,2,1,2023,0,0,0,19,12
1359507,2023-04-23,Eden Gardens,Chennai Super Kings,Kolkata Knight Riders,1,6,6,Rd Gaikwad,DP Conway,K Khejroliya,0,0,0,0,[],0,Not Out,None,59,0,236,0.0,84,Chennai Super Kings,0,23,36,14,22,0.0,0.0,0,1,2023,0,0,1,19,13
1359507,2023-04-23,Eden Gardens,Chennai Super Kings,Kolkata Knight Riders,1,7,1,Dp Conway,RD Gaikwad,SP Narine,1,0,1,0,[],0,Not Out,None,60,0,236,0.0,83,Chennai Super Kings,0,37,23,23,14,0.0,0.0,1,1,2023,0,0,0,37,23
1359507,2023-04-23,Eden Gardens,Chennai Super Kings,Kolkata Knight Riders,1,7,2,Rd Gaikwad,DP Conway,SP Narine,0,0,0,0,[],0,Not Out,None,60,0,236,0.0,82,Chennai Super Kings,0,23,37,15,23,0.0,0.0,0,1,2023,0,0,1,19,14
1359507,2023-04-23,Eden Gardens,Chennai Super Kings,Kolkata Knight Riders,1,7,3,Rd Gaikwad,DP Conway,SP Narine,2,0,2,0,[],0,Not Out,None,62,0,236,0.0,81,Chennai Super Kings,0,25,37,16,23,0.0,0.0,2,1,2023,0,0,0,21,15
1359507,2023-04-23,Eden Gardens,Chennai Super Kings,Kolkata Knight Riders,1,7,4,Rd Gaikwad,DP Conway,SP Narine,0,0,0,0,[],0,Not Out,None,62,0,236,0.0,80,Chennai Super Kings,0,25,37,17,23,0.0,0.0,0,1,2023,0,0,1,21,16
1359507,2023-04-23,Eden Gardens,Chennai Super Kings,Kolkata Knight Riders,1,7,5,Rd Gaikwad,DP Conway,SP Narine,4,0,4,0,[],0,Not Out,None,66,0,236,0.0,79,Chennai Super Kings,0,29,37,18,23,0.0,0.0,4,1,2023,0,0,0,25,17
1359507,2023-04-23,Eden Gardens,Chennai Super Kings,Kolkata Knight Riders,1,7,6,Rd Gaikwad,DP Conway,SP Narine,6,0,6,0,[],0,Not Out,None,72,0,236,0.0,78,Chennai Super Kings,0,35,37,19,23,0.0,0.0,6,1,2023,1,0,0,31,18
1359507,2023-04-23,Eden Gardens,Chennai Super Kings,Kolkata Knight Riders,1,8,1,Dp Conway,RD Gaikwad,Suyash Sharma,0,0,0,0,[],0,Not Out,None,72,0,236,0.0,77,Chennai Super Kings,0,37,35,24,19,0.0,0.0,0,1,2023,0,0,1,37,24
1359507,2023-04-23,Eden Gardens,Chennai Super Kings,Kolkata Knight Riders,1,8,2,Dp Conway,RD Gaikwad,Suyash Sharma,1,0,1,0,[],0,Not Out,None,73,0,236,0.0,76,Chennai Super Kings,0,38,35,25,19,0.0,0.0,1,1,2023,0,0,0,38,25
1359507,2023-04-23,Eden Gardens,Chennai Super Kings,Kolkata Knight Riders,1,8,3,Rd Gaikwad,DP Conway,Suyash Sharma,0,0,0,0,[],1,bowled,RD Gaikwad,73,1,236,0.0,75,Chennai Super Kings,0,0,38,0,25,35.0,20.0,0,1,2023,0,1,1,31,19
1359507,2023-04-23,Eden Gardens,Chennai Super Kings,Kolkata Knight Riders,1,8,4,Am Rahane,DP Conway,Suyash Sharma,1,0,1,0,[],0,Not Out,None,74,1,236,0.0,74,Chennai Super Kings,0,1,38,1,25,0.0,0.0,1,1,2023,0,0,0,1,1
1359507,2023-04-23,Eden Gardens,Chennai Super Kings,Kolkata Knight Riders,1,8,5,Dp Conway,AM Rahane,Suyash Sharma,1,0,1,0,[],0,Not Out,None,75,1,236,0.0,73,Chennai Super Kings,0,39,1,26,1,0.0,0.0,1,1,2023,0,0,0,39,26
1359507,2023-04-23,Eden Gardens,Chennai Super Kings,Kolkata Knight Riders,1,8,6,Am Rahane,DP Conway,Suyash Sharma,4,0,4,0,[],0,Not Out,None,79,1,236,0.0,72,Chennai Super Kings,0,5,39,2,26,0.0,0.0,4,1,2023,0,0,0,5,2
1359507,2023-04-23,Eden Gardens,Chennai Super Kings,Kolkata Knight Riders,1,9,1,Dp Conway,AM Rahane,SP Narine,1,0,1,0,[],0,Not Out,None,80,1,236,0.0,71,Chennai Super Kings,0,40,5,27,2,0.0,0.0,1,1,2023,0,0,0,40,27
1359507,2023-04-23,Eden Gardens,Chennai Super Kings,Kolkata Knight Riders,1,9,2,Am Rahane,DP Conway,SP Narine,1,0,1,0,[],0,Not Out,None,81,1,236,0.0,70,Chennai Super Kings,0,6,40,3,27,0.0,0.0,1,1,2023,0,0,0,6,3
1359507,2023-04-23,Eden Gardens,Chennai Super Kings,Kolkata Knight Riders,1,9,3,Dp Conway,AM Rahane,SP Narine,0,0,0,0,[],0,Not Out,None,81,1,236,0.0,69,Chennai Super Kings,0,40,6,28,3,0.0,0.0,0,1,2023,0,0,1,40,28
1359507,2023-04-23,Eden Gardens,Chennai Super Kings,Kolkata Knight Riders,1,9,4,Dp Conway,AM Rahane,SP Narine,1,0,1,0,[],0,Not Out,None,82,1,236,0.0,68,Chennai Super Kings,0,41,6,29,3,0.0,0.0,1,1,2023,0,0,0,41,29
1359507,2023-04-23,Eden Gardens,Chennai Super Kings,Kolkata Knight Riders,1,9,5,Am Rahane,DP Conway,SP Narine,1,0,1,0,[],0,Not Out,None,83,1,236,0.0,67,Chennai Super Kings,0,7,41,4,29,0.0,0.0,1,1,2023,0,0,0,7,4
1359507,2023-04-23,Eden Gardens,Chennai Super Kings,Kolkata Knight Riders,1,9,6,Dp Conway,AM Rahane,SP Narine,6,0,6,0,[],0,Not Out,None,89,1,236,0.0,66,Chennai Super Kings,0,47,7,30,4,0.0,0.0,6,1,2023,1,0,0,47,30
1359507,2023-04-23,Eden Gardens,Chennai Super Kings,Kolkata Knight Riders,1,10,1,Am Rahane,DP Conway,Suyash Sharma,1,0,1,0,[],0,Not Out,None,90,1,236,0.0,65,Chennai Super Kings,0,8,47,5,30,0.0,0.0,1,1,2023,0,0,0,8,5
1359507,2023-04-23,Eden Gardens,Chennai Super Kings,Kolkata Knight Riders,1,10,2,Dp Conway,AM Rahane,Suyash Sharma,0,0,0,0,[],0,Not Out,None,90,1,236,0.0,64,Chennai Super Kings,0,47,8,31,5,0.0,0.0,0,1,2023,0,0,1,47,31
1359507,2023-04-23,Eden Gardens,Chennai Super Kings,Kolkata Knight Riders,1,10,3,Dp Conway,AM Rahane,Suyash Sharma,2,0,2,0,[],0,Not Out,None,92,1,236,0.0,63,Chennai Super Kings,0,49,8,32,5,0.0,0.0,2,1,2023,0,0,0,49,32
1359507,2023-04-23,Eden Gardens,Chennai Super Kings,Kolkata Knight Riders,1,10,4,Dp Conway,AM Rahane,Suyash Sharma,0,0,0,0,[],0,Not Out,None,92,1,236,0.0,62,Chennai Super Kings,0,49,8,33,5,0.0,0.0,0,1,2023,0,0,1,49,33
1359507,2023-04-23,Eden Gardens,Chennai Super Kings,Kolkata Knight Riders,1,10,5,Dp Conway,AM Rahane,Suyash Sharma,1,0,1,0,[],0,Not Out,None,93,1,236,0.0,61,Chennai Super Kings,0,50,8,34,5,0.0,0.0,1,1,2023,0,0,0,50,34
1359507,2023-04-23,Eden Gardens,Chennai Super Kings,Kolkata Knight Riders,1,10,6,Am Rahane,DP Conway,Suyash Sharma,1,0,1,0,[],0,Not Out,None,94,1,236,0.0,60,Chennai Super Kings,0,9,50,6,34,0.0,0.0,1,1,2023,0,0,0,9,6
1359507,2023-04-23,Eden Gardens,Chennai Super Kings,Kolkata Knight Riders,1,11,1,Am Rahane,DP Conway,CV Varun,1,0,1,0,[],0,Not Out,None,95,1,236,0.0,59,Chennai Super Kings,0,10,50,7,34,0.0,0.0,1,1,2023,0,0,0,10,7
1359507,2023-04-23,Eden Gardens,Chennai Super Kings,Kolkata Knight Riders,1,11,2,Dp Conway,AM Rahane,CV Varun,0,0,0,0,[],0,Not Out,None,95,1,236,0.0,58,Chennai Super Kings,0,50,10,35,7,0.0,0.0,0,1,2023,0,0,1,50,35
1359507,2023-04-23,Eden Gardens,Chennai Super Kings,Kolkata Knight Riders,1,11,3,Dp Conway,AM Rahane,CV Varun,4,0,4,0,[],0,Not Out,None,99,1,236,0.0,57,Chennai Super Kings,0,54,10,36,7,0.0,0.0,4,1,2023,0,0,0,54,36
1359507,2023-04-23,Eden Gardens,Chennai Super Kings,Kolkata Knight Riders,1,11,4,Dp Conway,AM Rahane,CV Varun,0,0,0,0,[],0,Not Out,None,99,1,236,0.0,56,Chennai Super Kings,0,54,10,37,7,0.0,0.0,0,1,2023,0,0,1,54,37
1359507,2023-04-23,Eden Gardens,Chennai Super Kings,Kolkata Knight Riders,1,11,5,Dp Conway,AM Rahane,CV Varun,1,0,1,0,[],0,Not Out,None,100,1,236,0.0,55,Chennai Super Kings,0,55,10,38,7,0.0,0.0,1,1,2023,0,0,0,55,38
1359507,2023-04-23,Eden Gardens,Chennai Super Kings,Kolkata Knight Riders,1,11,6,Am Rahane,DP Conway,CV Varun,1,0,1,0,[],0,Not Out,None,101,1,236,0.0,54,Chennai Super Kings,0,11,55,8,38,0.0,0.0,1,1,2023,0,0,0,11,8
1359507,2023-04-23,Eden Gardens,Chennai Super Kings,Kolkata Knight Riders,1,12,1,Am Rahane,DP Conway,Suyash Sharma,0,0,0,0,[],0,Not Out,None,101,1,236,0.0,53,Chennai Super Kings,0,11,55,9,38,0.0,0.0,0,1,2023,0,0,1,11,9
1359507,2023-04-23,Eden Gardens,Chennai Super Kings,Kolkata Knight Riders,1,12,2,Am Rahane,DP Conway,Suyash Sharma,2,0,2,0,[],0,Not Out,None,103,1,236,0.0,52,Chennai Super Kings,0,13,55,10,38,0.0,0.0,2,1,2023,0,0,0,13,10
1359507,2023-04-23,Eden Gardens,Chennai Super Kings,Kolkata Knight Riders,1,12,3,Am Rahane,DP Conway,Suyash Sharma,4,0,4,0,[],0,Not Out,None,107,1,236,0.0,51,Chennai Super Kings,0,17,55,11,38,0.0,0.0,4,1,2023,0,0,0,17,11
1359507,2023-04-23,Eden Gardens,Chennai Super Kings,Kolkata Knight Riders,1,12,4,Am Rahane,DP Conway,Suyash Sharma,1,0,1,0,[],0,Not Out,None,108,1,236,0.0,50,Chennai Super Kings,0,18,55,12,38,0.0,0.0,1,1,2023,0,0,0,18,12
1359507,2023-04-23,Eden Gardens,Chennai Super Kings,Kolkata Knight Riders,1,12,5,Dp Conway,AM Rahane,Suyash Sharma,1,0,1,0,[],0,Not Out,None,109,1,236,0.0,49,Chennai Super Kings,0,56,18,39,12,0.0,0.0,1,1,2023,0,0,0,56,39
1359507,2023-04-23,Eden Gardens,Chennai Super Kings,Kolkata Knight Riders,1,12,6,Am Rahane,DP Conway,Suyash Sharma,0,0,0,0,[],0,Not Out,None,109,1,236,0.0,48,Chennai Super Kings,0,18,56,13,39,0.0,0.0,0,1,2023,0,0,1,18,13
1359507,2023-04-23,Eden Gardens,Chennai Super Kings,Kolkata Knight Riders,1,13,1,Dp Conway,AM Rahane,CV Varun,0,0,0,0,[],1,caught,DP Conway,109,2,236,0.0,47,Chennai Super Kings,0,0,18,0,13,56.0,40.0,0,1,2023,0,1,1,56,40
1359507,2023-04-23,Eden Gardens,Chennai Super Kings,Kolkata Knight Riders,1,13,2,S Dube,AM Rahane,CV Varun,0,0,0,0,[],0,Not Out,None,109,2,236,0.0,46,Chennai Super Kings,0,0,18,1,13,0.0,0.0,0,1,2023,0,0,1,0,1
1359507,2023-04-23,Eden Gardens,Chennai Super Kings,Kolkata Knight Riders,1,13,3,S Dube,AM Rahane,CV Varun,1,0,1,0,[],0,Not Out,None,110,2,236,0.0,45,Chennai Super Kings,0,1,18,2,13,0.0,0.0,1,1,2023,0,0,0,1,2
1359507,2023-04-23,Eden Gardens,Chennai Super Kings,Kolkata Knight Riders,1,13,4,Am Rahane,S Dube,CV Varun,1,0,1,0,[],0,Not Out,None,111,2,236,0.0,44,Chennai Super Kings,0,19,1,14,2,0.0,0.0,1,1,2023,0,0,0,19,14
1359507,2023-04-23,Eden Gardens,Chennai Super Kings,Kolkata Knight Riders,1,13,5,S Dube,AM Rahane,CV Varun,6,0,6,0,[],0,Not Out,None,117,2,236,0.0,43,Chennai Super Kings,0,7,19,3,14,0.0,0.0,6,1,2023,1,0,0,7,3
1359507,2023-04-23,Eden Gardens,Chennai Super Kings,Kolkata Knight Riders,1,13,6,S Dube,AM Rahane,CV Varun,6,0,6,0,[],0,Not Out,None,123,2,236,0.0,42,Chennai Super Kings,0,13,19,4,14,0.0,0.0,6,1,2023,1,0,0,13,4
1359507,2023-04-23,Eden Gardens,Chennai Super Kings,Kolkata Knight Riders,1,14,1,Am Rahane,S Dube,UT Yadav,6,0,6,0,[],0,Not Out,None,129,2,236,0.0,41,Chennai Super Kings,0,25,13,15,4,0.0,0.0,6,1,2023,1,0,0,25,15
1359507,2023-04-23,Eden Gardens,Chennai Super Kings,Kolkata Knight Riders,1,14,2,Am Rahane,S Dube,UT Yadav,6,0,6,0,[],0,Not Out,None,135,2,236,0.0,40,Chennai Super Kings,0,31,13,16,4,0.0,0.0,6,1,2023,1,0,0,31,16
1359507,2023-04-23,Eden Gardens,Chennai Super Kings,Kolkata Knight Riders,1,14,3,Am Rahane,S Dube,UT Yadav,4,0,4,0,[],0,Not Out,None,139,2,236,0.0,39,Chennai Super Kings,0,35,13,17,4,0.0,0.0,4,1,2023,0,0,0,35,17
1359507,2023-04-23,Eden Gardens,Chennai Super Kings,Kolkata Knight Riders,1,14,4,Am Rahane,S Dube,UT Yadav,1,0,1,0,[],0,Not Out,None,140,2,236,0.0,38,Chennai Super Kings,0,36,13,18,4,0.0,0.0,1,1,2023,0,0,0,36,18
1359507,2023-04-23,Eden Gardens,Chennai Super Kings,Kolkata Knight Riders,1,14,5,S Dube,AM Rahane,UT Yadav,4,0,4,0,[],0,Not Out,None,144,2,236,0.0,37,Chennai Super Kings,0,17,36,5,18,0.0,0.0,4,1,2023,0,0,0,17,5
1359507,2023-04-23,Eden Gardens,Chennai Super Kings,Kolkata Knight Riders,1,14,6,S Dube,AM Rahane,UT Yadav,1,0,1,0,[],0,Not Out,None,145,2,236,0.0,36,Chennai Super Kings,0,18,36,6,18,0.0,0.0,1,1,2023,0,0,0,18,6
1359507,2023-04-23,Eden Gardens,Chennai Super Kings,Kolkata Knight Riders,1,15,1,S Dube,AM Rahane,D Wiese,6,0,6,0,[],0,Not Out,None,151,2,236,0.0,35,Chennai Super Kings,0,24,36,7,18,0.0,0.0,6,1,2023,1,0,0,24,7
1359507,2023-04-23,Eden Gardens,Chennai Super Kings,Kolkata Knight Riders,1,15,2,S Dube,AM Rahane,D Wiese,4,0,4,0,[],0,Not Out,None,155,2,236,0.0,34,Chennai Super Kings,0,28,36,8,18,0.0,0.0,4,1,2023,0,0,0,28,8
1359507,2023-04-23,Eden Gardens,Chennai Super Kings,Kolkata Knight Riders,1,15,3,S Dube,AM Rahane,D Wiese,1,0,1,0,[],0,Not Out,None,156,2,236,0.0,33,Chennai Super Kings,0,29,36,9,18,0.0,0.0,1,1,2023,0,0,0,29,9
1359507,2023-04-23,Eden Gardens,Chennai Super Kings,Kolkata Knight Riders,1,15,4,Am Rahane,S Dube,D Wiese,1,0,1,0,[],0,Not Out,None,157,2,236,0.0,32,Chennai Super Kings,0,37,29,19,9,0.0,0.0,1,1,2023,0,0,0,37,19
1359507,2023-04-23,Eden Gardens,Chennai Super Kings,Kolkata Knight Riders,1,15,5,S Dube,AM Rahane,D Wiese,2,0,2,0,[],0,Not Out,None,159,2,236,0.0,31,Chennai Super Kings,0,31,37,10,19,0.0,0.0,2,1,2023,0,0,0,31,10
1359507,2023-04-23,Eden Gardens,Chennai Super Kings,Kolkata Knight Riders,1,15,6,S Dube,AM Rahane,D Wiese,1,0,1,0,[],0,Not Out,None,160,2,236,0.0,30,Chennai Super Kings,0,32,37,11,19,0.0,0.0,1,1,2023,0,0,0,32,11
1359507,2023-04-23,Eden Gardens,Chennai Super Kings,Kolkata Knight Riders,1,16,1,S Dube,AM Rahane,Suyash Sharma,0,0,0,0,[],0,Not Out,None,160,2,236,0.0,29,Chennai Super Kings,0,32,37,12,19,0.0,0.0,0,1,2023,0,0,1,32,12
1359507,2023-04-23,Eden Gardens,Chennai Super Kings,Kolkata Knight Riders,1,16,2,S Dube,AM Rahane,Suyash Sharma,6,0,6,0,[],0,Not Out,None,166,2,236,0.0,28,Chennai Super Kings,0,38,37,13,19,0.0,0.0,6,1,2023,1,0,0,38,13
1359507,2023-04-23,Eden Gardens,Chennai Super Kings,Kolkata Knight Riders,1,16,3,S Dube,AM Rahane,Suyash Sharma,0,0,0,0,[],0,Not Out,None,166,2,236,0.0,27,Chennai Super Kings,0,38,37,14,19,0.0,0.0,0,1,2023,0,0,1,38,14
1359507,2023-04-23,Eden Gardens,Chennai Super Kings,Kolkata Knight Riders,1,16,4,S Dube,AM Rahane,Suyash Sharma,1,0,1,0,[],0,Not Out,None,167,2,236,0.0,26,Chennai Super Kings,0,39,37,15,19,0.0,0.0,1,1,2023,0,0,0,39,15
1359507,2023-04-23,Eden Gardens,Chennai Super Kings,Kolkata Knight Riders,1,16,5,Am Rahane,S Dube,Suyash Sharma,1,0,1,0,[],0,Not Out,None,168,2,236,0.0,25,Chennai Super Kings,0,38,39,20,15,0.0,0.0,1,1,2023,0,0,0,38,20
1359507,2023-04-23,Eden Gardens,Chennai Super Kings,Kolkata Knight Riders,1,16,6,S Dube,AM Rahane,Suyash Sharma,1,0,1,0,[],0,Not Out,None,169,2,236,0.0,24,Chennai Super Kings,0,40,38,16,20,0.0,0.0,1,1,2023,0,0,0,40,16
1359507,2023-04-23,Eden Gardens,Chennai Super Kings,Kolkata Knight Riders,1,17,1,S Dube,AM Rahane,AD Russell,1,0,1,0,[],0,Not Out,None,170,2,236,0.0,23,Chennai Super Kings,0,41,38,17,20,0.0,0.0,1,1,2023,0,0,0,41,17
1359507,2023-04-23,Eden Gardens,Chennai Super Kings,Kolkata Knight Riders,1,17,2,Am Rahane,S Dube,AD Russell,6,0,6,0,[],0,Not Out,None,176,2,236,0.0,22,Chennai Super Kings,0,44,41,21,17,0.0,0.0,6,1,2023,1,0,0,44,21
1359507,2023-04-23,Eden Gardens,Chennai Super Kings,Kolkata Knight Riders,1,17,3,Am Rahane,S Dube,AD Russell,0,1,1,1,['wides'],0,Not Out,None,177,2,236,0.0,22,Chennai Super Kings,0,44,41,21,17,0.0,0.0,1,0,2023,0,0,0,44,22
1359507,2023-04-23,Eden Gardens,Chennai Super Kings,Kolkata Knight Riders,1,17,3,Am Rahane,S Dube,AD Russell,1,0,1,0,[],0,Not Out,None,178,2,236,0.0,21,Chennai Super Kings,0,45,41,22,17,0.0,0.0,1,1,2023,0,0,0,45,23
1359507,2023-04-23,Eden Gardens,Chennai Super Kings,Kolkata Knight Riders,1,17,4,S Dube,AM Rahane,AD Russell,1,0,1,0,[],0,Not Out,None,179,2,236,0.0,20,Chennai Super Kings,0,42,45,18,22,0.0,0.0,1,1,2023,0,0,0,42,18
1359507,2023-04-23,Eden Gardens,Chennai Super Kings,Kolkata Knight Riders,1,17,5,Am Rahane,S Dube,AD Russell,0,1,1,1,['wides'],0,Not Out,None,180,2,236,0.0,20,Chennai Super Kings,0,45,42,23,18,0.0,0.0,1,0,2023,0,0,0,45,24
1359507,2023-04-23,Eden Gardens,Chennai Super Kings,Kolkata Knight Riders,1,17,5,Am Rahane,S Dube,AD Russell,2,0,2,0,[],0,Not Out,None,182,2,236,0.0,19,Chennai Super Kings,0,47,42,24,18,0.0,0.0,2,1,2023,0,0,0,47,25
1359507,2023-04-23,Eden Gardens,Chennai Super Kings,Kolkata Knight Riders,1,17,6,Am Rahane,S Dube,AD Russell,4,0,4,0,[],0,Not Out,None,186,2,236,0.0,18,Chennai Super Kings,0,51,42,25,18,0.0,0.0,4,1,2023,0,0,0,51,26
1359507,2023-04-23,Eden Gardens,Chennai Super Kings,Kolkata Knight Riders,1,18,1,S Dube,AM Rahane,K Khejroliya,2,0,2,0,[],0,Not Out,None,188,2,236,0.0,17,Chennai Super Kings,0,44,51,19,25,0.0,0.0,2,1,2023,0,0,0,44,19
1359507,2023-04-23,Eden Gardens,Chennai Super Kings,Kolkata Knight Riders,1,18,2,S Dube,AM Rahane,K Khejroliya,6,0,6,0,[],0,Not Out,None,194,2,236,0.0,16,Chennai Super Kings,0,50,51,20,25,0.0,0.0,6,1,2023,1,0,0,50,20
1359507,2023-04-23,Eden Gardens,Chennai Super Kings,Kolkata Knight Riders,1,18,3,S Dube,AM Rahane,K Khejroliya,0,0,0,0,[],1,caught,S Dube,194,3,236,0.0,15,Chennai Super Kings,0,0,51,0,25,50.0,21.0,0,1,2023,0,1,1,50,21
1359507,2023-04-23,Eden Gardens,Chennai Super Kings,Kolkata Knight Riders,1,18,4,Ra Jadeja,AM Rahane,K Khejroliya,0,0,0,0,[],0,Not Out,None,194,3,236,0.0,14,Chennai Super Kings,0,0,51,1,25,0.0,0.0,0,1,2023,0,0,1,0,1
1359507,2023-04-23,Eden Gardens,Chennai Super Kings,Kolkata Knight Riders,1,18,5,Ra Jadeja,AM Rahane,K Khejroliya,1,0,1,0,[],0,Not Out,None,195,3,236,0.0,13,Chennai Super Kings,0,1,51,2,25,0.0,0.0,1,1,2023,0,0,0,1,2
1359507,2023-04-23,Eden Gardens,Chennai Super Kings,Kolkata Knight Riders,1,18,6,Am Rahane,RA Jadeja,K Khejroliya,4,0,4,0,[],0,Not Out,None,199,3,236,0.0,12,Chennai Super Kings,0,55,1,26,2,0.0,0.0,4,1,2023,0,0,0,55,27
1359507,2023-04-23,Eden Gardens,Chennai Super Kings,Kolkata Knight Riders,1,19,1,Ra Jadeja,AM Rahane,CV Varun,2,0,2,0,[],0,Not Out,None,201,3,236,0.0,11,Chennai Super Kings,0,3,55,3,26,0.0,0.0,2,1,2023,0,0,0,3,3
1359507,2023-04-23,Eden Gardens,Chennai Super Kings,Kolkata Knight Riders,1,19,2,Ra Jadeja,AM Rahane,CV Varun,1,0,1,0,[],0,Not Out,None,202,3,236,0.0,10,Chennai Super Kings,0,4,55,4,26,0.0,0.0,1,1,2023,0,0,0,4,4
1359507,2023-04-23,Eden Gardens,Chennai Super Kings,Kolkata Knight Riders,1,19,3,Am Rahane,RA Jadeja,CV Varun,0,0,0,0,[],0,Not Out,None,202,3,236,0.0,9,Chennai Super Kings,0,55,4,27,4,0.0,0.0,0,1,2023,0,0,1,55,28
1359507,2023-04-23,Eden Gardens,Chennai Super Kings,Kolkata Knight Riders,1,19,4,Am Rahane,RA Jadeja,CV Varun,6,0,6,0,[],0,Not Out,None,208,3,236,0.0,8,Chennai Super Kings,0,61,4,28,4,0.0,0.0,6,1,2023,1,0,0,61,29
1359507,2023-04-23,Eden Gardens,Chennai Super Kings,Kolkata Knight Riders,1,19,5,Am Rahane,RA Jadeja,CV Varun,6,0,6,0,[],0,Not Out,None,214,3,236,0.0,7,Chennai Super Kings,0,67,4,29,4,0.0,0.0,6,1,2023,1,0,0,67,30
1359507,2023-04-23,Eden Gardens,Chennai Super Kings,Kolkata Knight Riders,1,19,6,Am Rahane,RA Jadeja,CV Varun,4,0,4,0,[],0,Not Out,None,218,3,236,0.0,6,Chennai Super Kings,0,71,4,30,4,0.0,0.0,4,1,2023,0,0,0,71,31
1359507,2023-04-23,Eden Gardens,Chennai Super Kings,Kolkata Knight Riders,1,20,1,Ra Jadeja,AM Rahane,K Khejroliya,6,0,6,0,[],0,Not Out,None,224,3,236,0.0,5,Chennai Super Kings,0,10,71,5,30,0.0,0.0,6,1,2023,1,0,0,10,5
1359507,2023-04-23,Eden Gardens,Chennai Super Kings,Kolkata Knight Riders,1,20,2,Ra Jadeja,AM Rahane,K Khejroliya,2,0,2,0,[],0,Not Out,None,226,3,236,0.0,4,Chennai Super Kings,0,12,71,6,30,0.0,0.0,2,1,2023,0,0,0,12,6
1359507,2023-04-23,Eden Gardens,Chennai Super Kings,Kolkata Knight Riders,1,20,3,Ra Jadeja,AM Rahane,K Khejroliya,6,0,6,0,[],0,Not Out,None,232,3,236,0.0,3,Chennai Super Kings,0,18,71,7,30,0.0,0.0,6,1,2023,1,0,0,18,7
1359507,2023-04-23,Eden Gardens,Chennai Super Kings,Kolkata Knight Riders,1,20,4,Ra Jadeja,AM Rahane,K Khejroliya,0,0,0,0,[],1,caught,RA Jadeja,232,4,236,0.0,2,Chennai Super Kings,0,0,71,0,30,18.0,8.0,0,1,2023,0,1,1,18,8
1359507,2023-04-23,Eden Gardens,Chennai Super Kings,Kolkata Knight Riders,1,20,5,Ms Dhoni,AM Rahane,K Khejroliya,0,1,1,1,['noballs'],0,Not Out,None,233,4,236,0.0,2,Chennai Super Kings,0,0,71,0,30,0.0,0.0,1,0,2023,0,0,0,0,1
1359507,2023-04-23,Eden Gardens,Chennai Super Kings,Kolkata Knight Riders,1,20,5,Ms Dhoni,AM Rahane,K Khejroliya,0,0,0,0,[],0,Not Out,None,233,4,236,0.0,1,Chennai Super Kings,0,0,71,2,30,0.0,0.0,0,1,2023,0,0,1,0,2
1359507,2023-04-23,Eden Gardens,Chennai Super Kings,Kolkata Knight Riders,1,20,6,Ms Dhoni,AM Rahane,K Khejroliya,2,0,2,0,[],0,Not Out,None,235,4,236,0.0,0,Chennai Super Kings,0,2,71,3,30,0.0,0.0,2,1,2023,0,0,0,2,3
1359507,2023-04-23,Eden Gardens,Chennai Super Kings,Kolkata Knight Riders,2,1,1,N Jagadeesan,SP Narine,Akash Singh,1,0,1,0,[],0,Not Out,None,1,0,236,235.0,119,Chennai Super Kings,0,1,0,1,0,0.0,0.0,1,1,2023,0,0,0,1,1
1359507,2023-04-23,Eden Gardens,Chennai Super Kings,Kolkata Knight Riders,2,1,2,Sp Narine,N Jagadeesan,Akash Singh,0,0,0,0,[],0,Not Out,None,1,0,236,235.0,118,Chennai Super Kings,0,0,1,1,1,0.0,0.0,0,1,2023,0,0,1,0,1
1359507,2023-04-23,Eden Gardens,Chennai Super Kings,Kolkata Knight Riders,2,1,3,Sp Narine,N Jagadeesan,Akash Singh,0,0,0,0,[],0,Not Out,None,1,0,236,235.0,117,Chennai Super Kings,0,0,1,2,1,0.0,0.0,0,1,2023,0,0,1,0,2
1359507,2023-04-23,Eden Gardens,Chennai Super Kings,Kolkata Knight Riders,2,1,4,Sp Narine,N Jagadeesan,Akash Singh,0,0,0,0,[],1,bowled,SP Narine,1,1,236,235.0,116,Chennai Super Kings,0,0,1,0,1,0.0,3.0,0,1,2023,0,1,1,0,3
1359507,2023-04-23,Eden Gardens,Chennai Super Kings,Kolkata Knight Riders,2,1,5,Vr Iyer,N Jagadeesan,Akash Singh,0,0,0,0,[],0,Not Out,None,1,1,236,235.0,115,Chennai Super Kings,0,0,1,1,1,0.0,0.0,0,1,2023,0,0,1,0,1
1359507,2023-04-23,Eden Gardens,Chennai Super Kings,Kolkata Knight Riders,2,1,6,Vr Iyer,N Jagadeesan,Akash Singh,0,0,0,0,[],0,Not Out,None,1,1,236,235.0,114,Chennai Super Kings,0,0,1,2,1,0.0,0.0,0,1,2023,0,0,1,0,2
1359507,2023-04-23,Eden Gardens,Chennai Super Kings,Kolkata Knight Riders,2,2,1,N Jagadeesan,VR Iyer,TU Deshpande,0,0,0,0,[],0,Not Out,None,1,1,236,235.0,113,Chennai Super Kings,0,1,0,2,2,0.0,0.0,0,1,2023,0,0,1,1,2
1359507,2023-04-23,Eden Gardens,Chennai Super Kings,Kolkata Knight Riders,2,2,2,N Jagadeesan,VR Iyer,TU Deshpande,0,0,0,0,[],1,caught,N Jagadeesan,1,2,236,235.0,112,Chennai Super Kings,0,0,0,0,2,1.0,3.0,0,1,2023,0,1,1,1,3
1359507,2023-04-23,Eden Gardens,Chennai Super Kings,Kolkata Knight Riders,2,2,3,N Rana,VR Iyer,TU Deshpande,0,1,1,0,['legbyes'],0,Not Out,None,2,2,236,234.0,111,Chennai Super Kings,0,0,0,1,2,0.0,0.0,0,1,2023,0,0,0,0,1
1359507,2023-04-23,Eden Gardens,Chennai Super Kings,Kolkata Knight Riders,2,2,4,Vr Iyer,N Rana,TU Deshpande,1,0,1,0,[],0,Not Out,None,3,2,236,233.0,110,Chennai Super Kings,0,1,0,3,1,0.0,0.0,1,1,2023,0,0,0,1,3
1359507,2023-04-23,Eden Gardens,Chennai Super Kings,Kolkata Knight Riders,2,2,5,N Rana,VR Iyer,TU Deshpande,0,0,0,0,[],0,Not Out,None,3,2,236,233.0,109,Chennai Super Kings,0,0,1,2,3,0.0,0.0,0,1,2023,0,0,1,0,2
1359507,2023-04-23,Eden Gardens,Chennai Super Kings,Kolkata Knight Riders,2,2,6,N Rana,VR Iyer,TU Deshpande,6,0,6,0,[],0,Not Out,None,9,2,236,227.0,108,Chennai Super Kings,0,6,1,3,3,0.0,0.0,6,1,2023,1,0,0,6,3
1359507,2023-04-23,Eden Gardens,Chennai Super Kings,Kolkata Knight Riders,2,3,1,Vr Iyer,N Rana,Akash Singh,0,0,0,0,[],0,Not Out,None,9,2,236,227.0,107,Chennai Super Kings,0,1,6,4,3,0.0,0.0,0,1,2023,0,0,1,1,4
1359507,2023-04-23,Eden Gardens,Chennai Super Kings,Kolkata Knight Riders,2,3,2,Vr Iyer,N Rana,Akash Singh,0,0,0,0,[],0,Not Out,None,9,2,236,227.0,106,Chennai Super Kings,0,1,6,5,3,0.0,0.0,0,1,2023,0,0,1,1,5
1359507,2023-04-23,Eden Gardens,Chennai Super Kings,Kolkata Knight Riders,2,3,3,Vr Iyer,N Rana,Akash Singh,0,0,0,0,[],0,Not Out,None,9,2,236,227.0,105,Chennai Super Kings,0,1,6,6,3,0.0,0.0,0,1,2023,0,0,1,1,6
1359507,2023-04-23,Eden Gardens,Chennai Super Kings,Kolkata Knight Riders,2,3,4,Vr Iyer,N Rana,Akash Singh,6,0,6,0,[],0,Not Out,None,15,2,236,221.0,104,Chennai Super Kings,0,7,6,7,3,0.0,0.0,6,1,2023,1,0,0,7,7
1359507,2023-04-23,Eden Gardens,Chennai Super Kings,Kolkata Knight Riders,2,3,5,Vr Iyer,N Rana,Akash Singh,4,0,4,0,[],0,Not Out,None,19,2,236,217.0,103,Chennai Super Kings,0,11,6,8,3,0.0,0.0,4,1,2023,0,0,0,11,8
1359507,2023-04-23,Eden Gardens,Chennai Super Kings,Kolkata Knight Riders,2,3,6,Vr Iyer,N Rana,Akash Singh,0,1,1,1,['wides'],0,Not Out,None,20,2,236,216.0,103,Chennai Super Kings,0,11,6,8,3,0.0,0.0,1,0,2023,0,0,0,11,9
1359507,2023-04-23,Eden Gardens,Chennai Super Kings,Kolkata Knight Riders,2,3,6,Vr Iyer,N Rana,Akash Singh,0,0,0,0,[],0,Not Out,None,20,2,236,216.0,102,Chennai Super Kings,0,11,6,9,3,0.0,0.0,0,1,2023,0,0,1,11,10
1359507,2023-04-23,Eden Gardens,Chennai Super Kings,Kolkata Knight Riders,2,4,1,N Rana,VR Iyer,TU Deshpande,0,0,0,0,[],0,Not Out,None,20,2,236,216.0,101,Chennai Super Kings,0,6,11,4,9,0.0,0.0,0,1,2023,0,0,1,6,4
1359507,2023-04-23,Eden Gardens,Chennai Super Kings,Kolkata Knight Riders,2,4,2,N Rana,VR Iyer,TU Deshpande,4,0,4,0,[],0,Not Out,None,24,2,236,212.0,100,Chennai Super Kings,0,10,11,5,9,0.0,0.0,4,1,2023,0,0,0,10,5
1359507,2023-04-23,Eden Gardens,Chennai Super Kings,Kolkata Knight Riders,2,4,3,N Rana,VR Iyer,TU Deshpande,0,0,0,0,[],0,Not Out,None,24,2,236,212.0,99,Chennai Super Kings,0,10,11,6,9,0.0,0.0,0,1,2023,0,0,1,10,6
1359507,2023-04-23,Eden Gardens,Chennai Super Kings,Kolkata Knight Riders,2,4,4,N Rana,VR Iyer,TU Deshpande,0,0,0,0,[],0,Not Out,None,24,2,236,212.0,98,Chennai Super Kings,0,10,11,7,9,0.0,0.0,0,1,2023,0,0,1,10,7
1359507,2023-04-23,Eden Gardens,Chennai Super Kings,Kolkata Knight Riders,2,4,5,N Rana,VR Iyer,TU Deshpande,0,0,0,0,[],0,Not Out,None,24,2,236,212.0,97,Chennai Super Kings,0,10,11,8,9,0.0,0.0,0,1,2023,0,0,1,10,8
1359507,2023-04-23,Eden Gardens,Chennai Super Kings,Kolkata Knight Riders,2,4,6,N Rana,VR Iyer,TU Deshpande,0,0,0,0,[],0,Not Out,None,24,2,236,212.0,96,Chennai Super Kings,0,10,11,9,9,0.0,0.0,0,1,2023,0,0,1,10,9
1359507,2023-04-23,Eden Gardens,Chennai Super Kings,Kolkata Knight Riders,2,5,1,Vr Iyer,N Rana,Akash Singh,0,0,0,0,[],0,Not Out,None,24,2,236,212.0,95,Chennai Super Kings,0,11,10,10,9,0.0,0.0,0,1,2023,0,0,1,11,11
1359507,2023-04-23,Eden Gardens,Chennai Super Kings,Kolkata Knight Riders,2,5,2,Vr Iyer,N Rana,Akash Singh,0,0,0,0,[],0,Not Out,None,24,2,236,212.0,94,Chennai Super Kings,0,11,10,11,9,0.0,0.0,0,1,2023,0,0,1,11,12
1359507,2023-04-23,Eden Gardens,Chennai Super Kings,Kolkata Knight Riders,2,5,3,Vr Iyer,N Rana,Akash Singh,4,0,4,0,[],0,Not Out,None,28,2,236,208.0,93,Chennai Super Kings,0,15,10,12,9,0.0,0.0,4,1,2023,0,0,0,15,13
1359507,2023-04-23,Eden Gardens,Chennai Super Kings,Kolkata Knight Riders,2,5,4,Vr Iyer,N Rana,Akash Singh,0,0,0,0,[],0,Not Out,None,28,2,236,208.0,92,Chennai Super Kings,0,15,10,13,9,0.0,0.0,0,1,2023,0,0,1,15,14
1359507,2023-04-23,Eden Gardens,Chennai Super Kings,Kolkata Knight Riders,2,5,5,Vr Iyer,N Rana,Akash Singh,1,0,1,0,[],0,Not Out,None,29,2,236,207.0,91,Chennai Super Kings,0,16,10,14,9,0.0,0.0,1,1,2023,0,0,0,16,15
1359507,2023-04-23,Eden Gardens,Chennai Super Kings,Kolkata Knight Riders,2,5,6,N Rana,VR Iyer,Akash Singh,4,0,4,0,[],0,Not Out,None,33,2,236,203.0,90,Chennai Super Kings,0,14,16,10,14,0.0,0.0,4,1,2023,0,0,0,14,10
1359507,2023-04-23,Eden Gardens,Chennai Super Kings,Kolkata Knight Riders,2,6,1,Vr Iyer,N Rana,M Theekshana,1,0,1,0,[],0,Not Out,None,34,2,236,202.0,89,Chennai Super Kings,0,17,14,15,10,0.0,0.0,1,1,2023,0,0,0,17,16
1359507,2023-04-23,Eden Gardens,Chennai Super Kings,Kolkata Knight Riders,2,6,2,N Rana,VR Iyer,M Theekshana,0,1,1,1,['wides'],0,Not Out,None,35,2,236,201.0,89,Chennai Super Kings,0,14,17,11,15,0.0,0.0,1,0,2023,0,0,0,14,11
1359507,2023-04-23,Eden Gardens,Chennai Super Kings,Kolkata Knight Riders,2,6,2,N Rana,VR Iyer,M Theekshana,1,0,1,0,[],0,Not Out,None,36,2,236,200.0,88,Chennai Super Kings,0,15,17,12,15,0.0,0.0,1,1,2023,0,0,0,15,12
1359507,2023-04-23,Eden Gardens,Chennai Super Kings,Kolkata Knight Riders,2,6,3,Vr Iyer,N Rana,M Theekshana,0,0,0,0,[],0,Not Out,None,36,2,236,200.0,87,Chennai Super Kings,0,17,15,16,12,0.0,0.0,0,1,2023,0,0,1,17,17
1359507,2023-04-23,Eden Gardens,Chennai Super Kings,Kolkata Knight Riders,2,6,4,Vr Iyer,N Rana,M Theekshana,1,0,1,0,[],0,Not Out,None,37,2,236,199.0,86,Chennai Super Kings,0,18,15,17,12,0.0,0.0,1,1,2023,0,0,0,18,18
1359507,2023-04-23,Eden Gardens,Chennai Super Kings,Kolkata Knight Riders,2,6,5,N Rana,VR Iyer,M Theekshana,0,0,0,0,[],0,Not Out,None,37,2,236,199.0,85,Chennai Super Kings,0,15,18,13,17,0.0,0.0,0,1,2023,0,0,1,15,13
1359507,2023-04-23,Eden Gardens,Chennai Super Kings,Kolkata Knight Riders,2,6,6,N Rana,VR Iyer,M Theekshana,1,0,1,0,[],0,Not Out,None,38,2,236,198.0,84,Chennai Super Kings,0,16,18,14,17,0.0,0.0,1,1,2023,0,0,0,16,14
1359507,2023-04-23,Eden Gardens,Chennai Super Kings,Kolkata Knight Riders,2,7,1,N Rana,VR Iyer,Akash Singh,4,0,4,0,[],0,Not Out,None,42,2,236,194.0,83,Chennai Super Kings,0,20,18,15,17,0.0,0.0,4,1,2023,0,0,0,20,15
1359507,2023-04-23,Eden Gardens,Chennai Super Kings,Kolkata Knight Riders,2,7,2,N Rana,VR Iyer,Akash Singh,0,0,0,0,[],0,Not Out,None,42,2,236,194.0,82,Chennai Super Kings,0,20,18,16,17,0.0,0.0,0,1,2023,0,0,1,20,16
1359507,2023-04-23,Eden Gardens,Chennai Super Kings,Kolkata Knight Riders,2,7,3,N Rana,VR Iyer,Akash Singh,1,0,1,0,[],0,Not Out,None,43,2,236,193.0,81,Chennai Super Kings,0,21,18,17,17,0.0,0.0,1,1,2023,0,0,0,21,17
1359507,2023-04-23,Eden Gardens,Chennai Super Kings,Kolkata Knight Riders,2,7,4,Vr Iyer,N Rana,Akash Singh,1,0,1,0,[],0,Not Out,None,44,2,236,192.0,80,Chennai Super Kings,0,19,21,18,17,0.0,0.0,1,1,2023,0,0,0,19,19
1359507,2023-04-23,Eden Gardens,Chennai Super Kings,Kolkata Knight Riders,2,7,5,N Rana,VR Iyer,Akash Singh,1,0,1,0,[],0,Not Out,None,45,2,236,191.0,79,Chennai Super Kings,0,22,19,18,18,0.0,0.0,1,1,2023,0,0,0,22,18
1359507,2023-04-23,Eden Gardens,Chennai Super Kings,Kolkata Knight Riders,2,7,6,Vr Iyer,N Rana,Akash Singh,1,0,1,0,[],0,Not Out,None,46,2,236,190.0,78,Chennai Super Kings,0,20,22,19,18,0.0,0.0,1,1,2023,0,0,0,20,20
1359507,2023-04-23,Eden Gardens,Chennai Super Kings,Kolkata Knight Riders,2,8,1,Vr Iyer,N Rana,MM Ali,0,0,0,0,[],1,lbw,VR Iyer,46,3,236,190.0,77,Chennai Super Kings,0,0,22,0,18,20.0,20.0,0,1,2023,0,1,1,20,21
1359507,2023-04-23,Eden Gardens,Chennai Super Kings,Kolkata Knight Riders,2,8,2,Jj Roy,N Rana,MM Ali,1,0,1,0,[],0,Not Out,None,47,3,236,189.0,76,Chennai Super Kings,0,1,22,1,18,0.0,0.0,1,1,2023,0,0,0,1,1
1359507,2023-04-23,Eden Gardens,Chennai Super Kings,Kolkata Knight Riders,2,8,3,N Rana,JJ Roy,MM Ali,1,0,1,0,[],0,Not Out,None,48,3,236,188.0,75,Chennai Super Kings,0,23,1,19,1,0.0,0.0,1,1,2023,0,0,0,23,19
1359507,2023-04-23,Eden Gardens,Chennai Super Kings,Kolkata Knight Riders,2,8,4,Jj Roy,N Rana,MM Ali,6,0,6,0,[],0,Not Out,None,54,3,236,182.0,74,Chennai Super Kings,0,7,23,2,19,0.0,0.0,6,1,2023,1,0,0,7,2
1359507,2023-04-23,Eden Gardens,Chennai Super Kings,Kolkata Knight Riders,2,8,5,Jj Roy,N Rana,MM Ali,6,0,6,0,[],0,Not Out,None,60,3,236,176.0,73,Chennai Super Kings,0,13,23,3,19,0.0,0.0,6,1,2023,1,0,0,13,3
1359507,2023-04-23,Eden Gardens,Chennai Super Kings,Kolkata Knight Riders,2,8,6,Jj Roy,N Rana,MM Ali,6,0,6,0,[],0,Not Out,None,66,3,236,170.0,72,Chennai Super Kings,0,19,23,4,19,0.0,0.0,6,1,2023,1,0,0,19,4
1359507,2023-04-23,Eden Gardens,Chennai Super Kings,Kolkata Knight Riders,2,9,1,N Rana,JJ Roy,RA Jadeja,4,0,4,0,[],0,Not Out,None,70,3,236,166.0,71,Chennai Super Kings,0,27,19,20,4,0.0,0.0,4,1,2023,0,0,0,27,20
1359507,2023-04-23,Eden Gardens,Chennai Super Kings,Kolkata Knight Riders,2,9,2,N Rana,JJ Roy,RA Jadeja,0,0,0,0,[],1,caught,N Rana,70,4,236,166.0,70,Chennai Super Kings,0,0,19,0,4,27.0,21.0,0,1,2023,0,1,1,27,21
1359507,2023-04-23,Eden Gardens,Chennai Super Kings,Kolkata Knight Riders,2,9,3,Rk Singh,JJ Roy,RA Jadeja,0,0,0,0,[],0,Not Out,None,70,4,236,166.0,69,Chennai Super Kings,0,0,19,1,4,0.0,0.0,0,1,2023,0,0,1,0,1
1359507,2023-04-23,Eden Gardens,Chennai Super Kings,Kolkata Knight Riders,2,9,4,Rk Singh,JJ Roy,RA Jadeja,0,0,0,0,[],0,Not Out,None,70,4,236,166.0,68,Chennai Super Kings,0,0,19,2,4,0.0,0.0,0,1,2023,0,0,1,0,2
1359507,2023-04-23,Eden Gardens,Chennai Super Kings,Kolkata Knight Riders,2,9,5,Rk Singh,JJ Roy,RA Jadeja,1,0,1,0,[],0,Not Out,None,71,4,236,165.0,67,Chennai Super Kings,0,1,19,3,4,0.0,0.0,1,1,2023,0,0,0,1,3
1359507,2023-04-23,Eden Gardens,Chennai Super Kings,Kolkata Knight Riders,2,9,6,Jj Roy,RK Singh,RA Jadeja,0,0,0,0,[],0,Not Out,None,71,4,236,165.0,66,Chennai Super Kings,0,19,1,5,3,0.0,0.0,0,1,2023,0,0,1,19,5
1359507,2023-04-23,Eden Gardens,Chennai Super Kings,Kolkata Knight Riders,2,10,1,Rk Singh,JJ Roy,M Pathirana,1,0,1,0,[],0,Not Out,None,72,4,236,164.0,65,Chennai Super Kings,0,2,19,4,5,0.0,0.0,1,1,2023,0,0,0,2,4
1359507,2023-04-23,Eden Gardens,Chennai Super Kings,Kolkata Knight Riders,2,10,2,Jj Roy,RK Singh,M Pathirana,0,0,0,0,[],0,Not Out,None,72,4,236,164.0,64,Chennai Super Kings,0,19,2,6,4,0.0,0.0,0,1,2023,0,0,1,19,6
1359507,2023-04-23,Eden Gardens,Chennai Super Kings,Kolkata Knight Riders,2,10,3,Jj Roy,RK Singh,M Pathirana,1,0,1,0,[],0,Not Out,None,73,4,236,163.0,63,Chennai Super Kings,0,20,2,7,4,0.0,0.0,1,1,2023,0,0,0,20,7
1359507,2023-04-23,Eden Gardens,Chennai Super Kings,Kolkata Knight Riders,2,10,4,Rk Singh,JJ Roy,M Pathirana,0,1,1,1,['wides'],0,Not Out,None,74,4,236,162.0,63,Chennai Super Kings,0,2,20,5,7,0.0,0.0,1,0,2023,0,0,0,2,5
1359507,2023-04-23,Eden Gardens,Chennai Super Kings,Kolkata Knight Riders,2,10,4,Rk Singh,JJ Roy,M Pathirana,0,0,0,0,[],0,Not Out,None,74,4,236,162.0,62,Chennai Super Kings,0,2,20,6,7,0.0,0.0,0,1,2023,0,0,1,2,6
1359507,2023-04-23,Eden Gardens,Chennai Super Kings,Kolkata Knight Riders,2,10,5,Rk Singh,JJ Roy,M Pathirana,1,0,1,0,[],0,Not Out,None,75,4,236,161.0,61,Chennai Super Kings,0,3,20,7,7,0.0,0.0,1,1,2023,0,0,0,3,7
1359507,2023-04-23,Eden Gardens,Chennai Super Kings,Kolkata Knight Riders,2,10,6,Jj Roy,RK Singh,M Pathirana,1,0,1,0,[],0,Not Out,None,76,4,236,160.0,60,Chennai Super Kings,0,21,3,8,7,0.0,0.0,1,1,2023,0,0,0,21,8
1359507,2023-04-23,Eden Gardens,Chennai Super Kings,Kolkata Knight Riders,2,11,1,Jj Roy,RK Singh,RA Jadeja,6,0,6,0,[],0,Not Out,None,82,4,236,154.0,59,Chennai Super Kings,0,27,3,9,7,0.0,0.0,6,1,2023,1,0,0,27,9
1359507,2023-04-23,Eden Gardens,Chennai Super Kings,Kolkata Knight Riders,2,11,2,Jj Roy,RK Singh,RA Jadeja,4,0,4,0,[],0,Not Out,None,86,4,236,150.0,58,Chennai Super Kings,0,31,3,10,7,0.0,0.0,4,1,2023,0,0,0,31,10
1359507,2023-04-23,Eden Gardens,Chennai Super Kings,Kolkata Knight Riders,2,11,3,Jj Roy,RK Singh,RA Jadeja,1,0,1,0,[],0,Not Out,None,87,4,236,149.0,57,Chennai Super Kings,0,32,3,11,7,0.0,0.0,1,1,2023,0,0,0,32,11
1359507,2023-04-23,Eden Gardens,Chennai Super Kings,Kolkata Knight Riders,2,11,4,Rk Singh,JJ Roy,RA Jadeja,6,0,6,0,[],0,Not Out,None,93,4,236,143.0,56,Chennai Super Kings,0,9,32,8,11,0.0,0.0,6,1,2023,1,0,0,9,8
1359507,2023-04-23,Eden Gardens,Chennai Super Kings,Kolkata Knight Riders,2,11,5,Rk Singh,JJ Roy,RA Jadeja,1,0,1,0,[],0,Not Out,None,94,4,236,142.0,55,Chennai Super Kings,0,10,32,9,11,0.0,0.0,1,1,2023,0,0,0,10,9
1359507,2023-04-23,Eden Gardens,Chennai Super Kings,Kolkata Knight Riders,2,11,6,Jj Roy,RK Singh,RA Jadeja,1,0,1,0,[],0,Not Out,None,95,4,236,141.0,54,Chennai Super Kings,0,33,10,12,9,0.0,0.0,1,1,2023,0,0,0,33,12
1359507,2023-04-23,Eden Gardens,Chennai Super Kings,Kolkata Knight Riders,2,12,1,Jj Roy,RK Singh,M Theekshana,4,0,4,0,[],0,Not Out,None,99,4,236,137.0,53,Chennai Super Kings,0,37,10,13,9,0.0,0.0,4,1,2023,0,0,0,37,13
1359507,2023-04-23,Eden Gardens,Chennai Super Kings,Kolkata Knight Riders,2,12,2,Jj Roy,RK Singh,M Theekshana,1,0,1,0,[],0,Not Out,None,100,4,236,136.0,52,Chennai Super Kings,0,38,10,14,9,0.0,0.0,1,1,2023,0,0,0,38,14
1359507,2023-04-23,Eden Gardens,Chennai Super Kings,Kolkata Knight Riders,2,12,3,Rk Singh,JJ Roy,M Theekshana,1,0,1,0,[],0,Not Out,None,101,4,236,135.0,51,Chennai Super Kings,0,11,38,10,14,0.0,0.0,1,1,2023,0,0,0,11,10
1359507,2023-04-23,Eden Gardens,Chennai Super Kings,Kolkata Knight Riders,2,12,4,Jj Roy,RK Singh,M Theekshana,6,0,6,0,[],0,Not Out,None,107,4,236,129.0,50,Chennai Super Kings,0,44,11,15,10,0.0,0.0,6,1,2023,1,0,0,44,15
1359507,2023-04-23,Eden Gardens,Chennai Super Kings,Kolkata Knight Riders,2,12,5,Jj Roy,RK Singh,M Theekshana,1,0,1,0,[],0,Not Out,None,108,4,236,128.0,49,Chennai Super Kings,0,45,11,16,10,0.0,0.0,1,1,2023,0,0,0,45,16
1359507,2023-04-23,Eden Gardens,Chennai Super Kings,Kolkata Knight Riders,2,12,6,Rk Singh,JJ Roy,M Theekshana,1,0,1,0,[],0,Not Out,None,109,4,236,127.0,48,Chennai Super Kings,0,12,45,11,16,0.0,0.0,1,1,2023,0,0,0,12,11
1359507,2023-04-23,Eden Gardens,Chennai Super Kings,Kolkata Knight Riders,2,13,1,Rk Singh,JJ Roy,RA Jadeja,1,0,1,0,[],0,Not Out,None,110,4,236,126.0,47,Chennai Super Kings,0,13,45,12,16,0.0,0.0,1,1,2023,0,0,0,13,12
1359507,2023-04-23,Eden Gardens,Chennai Super Kings,Kolkata Knight Riders,2,13,2,Jj Roy,RK Singh,RA Jadeja,1,0,1,0,[],0,Not Out,None,111,4,236,125.0,46,Chennai Super Kings,0,46,13,17,12,0.0,0.0,1,1,2023,0,0,0,46,17
1359507,2023-04-23,Eden Gardens,Chennai Super Kings,Kolkata Knight Riders,2,13,3,Rk Singh,JJ Roy,RA Jadeja,0,0,0,0,[],0,Not Out,None,111,4,236,125.0,45,Chennai Super Kings,0,13,46,13,17,0.0,0.0,0,1,2023,0,0,1,13,13
1359507,2023-04-23,Eden Gardens,Chennai Super Kings,Kolkata Knight Riders,2,13,4,Rk Singh,JJ Roy,RA Jadeja,1,0,1,0,[],0,Not Out,None,112,4,236,124.0,44,Chennai Super Kings,0,14,46,14,17,0.0,0.0,1,1,2023,0,0,0,14,14
1359507,2023-04-23,Eden Gardens,Chennai Super Kings,Kolkata Knight Riders,2,13,5,Jj Roy,RK Singh,RA Jadeja,1,0,1,0,[],0,Not Out,None,113,4,236,123.0,43,Chennai Super Kings,0,47,14,18,14,0.0,0.0,1,1,2023,0,0,0,47,18
1359507,2023-04-23,Eden Gardens,Chennai Super Kings,Kolkata Knight Riders,2,13,6,Rk Singh,JJ Roy,RA Jadeja,6,0,6,0,[],0,Not Out,None,119,4,236,117.0,42,Chennai Super Kings,0,20,47,15,18,0.0,0.0,6,1,2023,1,0,0,20,15
1359507,2023-04-23,Eden Gardens,Chennai Super Kings,Kolkata Knight Riders,2,14,1,Jj Roy,RK Singh,M Pathirana,0,1,1,1,['wides'],0,Not Out,None,120,4,236,116.0,42,Chennai Super Kings,0,47,20,19,15,0.0,0.0,1,0,2023,0,0,0,47,19
1359507,2023-04-23,Eden Gardens,Chennai Super Kings,Kolkata Knight Riders,2,14,1,Jj Roy,RK Singh,M Pathirana,4,0,4,0,[],0,Not Out,None,124,4,236,112.0,41,Chennai Super Kings,0,51,20,20,15,0.0,0.0,4,1,2023,0,0,0,51,20
1359507,2023-04-23,Eden Gardens,Chennai Super Kings,Kolkata Knight Riders,2,14,2,Jj Roy,RK Singh,M Pathirana,0,0,0,0,[],0,Not Out,None,124,4,236,112.0,40,Chennai Super Kings,0,51,20,21,15,0.0,0.0,0,1,2023,0,0,1,51,21
1359507,2023-04-23,Eden Gardens,Chennai Super Kings,Kolkata Knight Riders,2,14,3,Jj Roy,RK Singh,M Pathirana,0,0,0,0,[],0,Not Out,None,124,4,236,112.0,39,Chennai Super Kings,0,51,20,22,15,0.0,0.0,0,1,2023,0,0,1,51,22
1359507,2023-04-23,Eden Gardens,Chennai Super Kings,Kolkata Knight Riders,2,14,4,Jj Roy,RK Singh,M Pathirana,1,0,1,0,[],0,Not Out,None,125,4,236,111.0,38,Chennai Super Kings,0,52,20,23,15,0.0,0.0,1,1,2023,0,0,0,52,23
1359507,2023-04-23,Eden Gardens,Chennai Super Kings,Kolkata Knight Riders,2,14,5,Rk Singh,JJ Roy,M Pathirana,1,0,1,0,[],0,Not Out,None,126,4,236,110.0,37,Chennai Super Kings,0,21,52,16,23,0.0,0.0,1,1,2023,0,0,0,21,16
1359507,2023-04-23,Eden Gardens,Chennai Super Kings,Kolkata Knight Riders,2,14,6,Jj Roy,RK Singh,M Pathirana,1,0,1,0,[],0,Not Out,None,127,4,236,109.0,36,Chennai Super Kings,0,53,21,24,16,0.0,0.0,1,1,2023,0,0,0,53,24
1359507,2023-04-23,Eden Gardens,Chennai Super Kings,Kolkata Knight Riders,2,15,1,Jj Roy,RK Singh,M Theekshana,4,0,4,0,[],0,Not Out,None,131,4,236,105.0,35,Chennai Super Kings,0,57,21,25,16,0.0,0.0,4,1,2023,0,0,0,57,25
1359507,2023-04-23,Eden Gardens,Chennai Super Kings,Kolkata Knight Riders,2,15,2,Jj Roy,RK Singh,M Theekshana,4,0,4,0,[],0,Not Out,None,135,4,236,101.0,34,Chennai Super Kings,0,61,21,26,16,0.0,0.0,4,1,2023,0,0,0,61,26
1359507,2023-04-23,Eden Gardens,Chennai Super Kings,Kolkata Knight Riders,2,15,3,Jj Roy,RK Singh,M Theekshana,0,0,0,0,[],1,bowled,JJ Roy,135,5,236,101.0,33,Chennai Super Kings,0,0,21,0,16,61.0,27.0,0,1,2023,0,1,1,61,27
1359507,2023-04-23,Eden Gardens,Chennai Super Kings,Kolkata Knight Riders,2,15,4,Ad Russell,RK Singh,M Theekshana,0,0,0,0,[],0,Not Out,None,135,5,236,101.0,32,Chennai Super Kings,0,0,21,1,16,0.0,0.0,0,1,2023,0,0,1,0,1
1359507,2023-04-23,Eden Gardens,Chennai Super Kings,Kolkata Knight Riders,2,15,5,Ad Russell,RK Singh,M Theekshana,1,0,1,0,[],0,Not Out,None,136,5,236,100.0,31,Chennai Super Kings,0,1,21,2,16,0.0,0.0,1,1,2023,0,0,0,1,2
1359507,2023-04-23,Eden Gardens,Chennai Super Kings,Kolkata Knight Riders,2,15,6,Rk Singh,AD Russell,M Theekshana,1,0,1,0,[],0,Not Out,None,137,5,236,99.0,30,Chennai Super Kings,0,22,1,17,2,0.0,0.0,1,1,2023,0,0,0,22,17
1359507,2023-04-23,Eden Gardens,Chennai Super Kings,Kolkata Knight Riders,2,16,1,Rk Singh,AD Russell,TU Deshpande,0,0,0,0,[],0,Not Out,None,137,5,236,99.0,29,Chennai Super Kings,0,22,1,18,2,0.0,0.0,0,1,2023,0,0,1,22,18
1359507,2023-04-23,Eden Gardens,Chennai Super Kings,Kolkata Knight Riders,2,16,2,Rk Singh,AD Russell,TU Deshpande,0,1,1,1,['wides'],0,Not Out,None,138,5,236,98.0,29,Chennai Super Kings,0,22,1,18,2,0.0,0.0,1,0,2023,0,0,0,22,19
1359507,2023-04-23,Eden Gardens,Chennai Super Kings,Kolkata Knight Riders,2,16,2,Rk Singh,AD Russell,TU Deshpande,4,0,4,0,[],0,Not Out,None,142,5,236,94.0,28,Chennai Super Kings,0,26,1,19,2,0.0,0.0,4,1,2023,0,0,0,26,20
1359507,2023-04-23,Eden Gardens,Chennai Super Kings,Kolkata Knight Riders,2,16,3,Rk Singh,AD Russell,TU Deshpande,4,0,4,0,[],0,Not Out,None,146,5,236,90.0,27,Chennai Super Kings,0,30,1,20,2,0.0,0.0,4,1,2023,0,0,0,30,21
1359507,2023-04-23,Eden Gardens,Chennai Super Kings,Kolkata Knight Riders,2,16,4,Rk Singh,AD Russell,TU Deshpande,1,0,1,0,[],0,Not Out,None,147,5,236,89.0,26,Chennai Super Kings,0,31,1,21,2,0.0,0.0,1,1,2023,0,0,0,31,22
1359507,2023-04-23,Eden Gardens,Chennai Super Kings,Kolkata Knight Riders,2,16,5,Ad Russell,RK Singh,TU Deshpande,0,1,1,1,['wides'],0,Not Out,None,148,5,236,88.0,26,Chennai Super Kings,0,1,31,3,21,0.0,0.0,1,0,2023,0,0,0,1,3
1359507,2023-04-23,Eden Gardens,Chennai Super Kings,Kolkata Knight Riders,2,16,5,Ad Russell,RK Singh,TU Deshpande,2,0,2,0,[],0,Not Out,None,150,5,236,86.0,25,Chennai Super Kings,0,3,31,4,21,0.0,0.0,2,1,2023,0,0,0,3,4
1359507,2023-04-23,Eden Gardens,Chennai Super Kings,Kolkata Knight Riders,2,16,6,Ad Russell,RK Singh,TU Deshpande,6,0,6,0,[],0,Not Out,None,156,5,236,80.0,24,Chennai Super Kings,0,9,31,5,21,0.0,0.0,6,1,2023,1,0,0,9,5
1359507,2023-04-23,Eden Gardens,Chennai Super Kings,Kolkata Knight Riders,2,17,1,Rk Singh,AD Russell,M Pathirana,0,1,1,1,['wides'],0,Not Out,None,157,5,236,79.0,24,Chennai Super Kings,0,31,9,22,5,0.0,0.0,1,0,2023,0,0,0,31,23
1359507,2023-04-23,Eden Gardens,Chennai Super Kings,Kolkata Knight Riders,2,17,1,Rk Singh,AD Russell,M Pathirana,4,0,4,0,[],0,Not Out,None,161,5,236,75.0,23,Chennai Super Kings,0,35,9,23,5,0.0,0.0,4,1,2023,0,0,0,35,24
1359507,2023-04-23,Eden Gardens,Chennai Super Kings,Kolkata Knight Riders,2,17,2,Rk Singh,AD Russell,M Pathirana,1,0,1,0,[],0,Not Out,None,162,5,236,74.0,22,Chennai Super Kings,0,36,9,24,5,0.0,0.0,1,1,2023,0,0,0,36,25
1359507,2023-04-23,Eden Gardens,Chennai Super Kings,Kolkata Knight Riders,2,17,3,Ad Russell,RK Singh,M Pathirana,0,0,0,0,[],0,Not Out,None,162,5,236,74.0,21,Chennai Super Kings,0,9,36,6,24,0.0,0.0,0,1,2023,0,0,1,9,6
1359507,2023-04-23,Eden Gardens,Chennai Super Kings,Kolkata Knight Riders,2,17,4,Ad Russell,RK Singh,M Pathirana,0,0,0,0,[],1,caught,AD Russell,162,6,236,74.0,20,Chennai Super Kings,0,0,36,0,24,9.0,7.0,0,1,2023,0,1,1,9,7
1359507,2023-04-23,Eden Gardens,Chennai Super Kings,Kolkata Knight Riders,2,17,5,D Wiese,RK Singh,M Pathirana,1,0,1,0,[],0,Not Out,None,163,6,236,73.0,19,Chennai Super Kings,0,1,36,1,24,0.0,0.0,1,1,2023,0,0,0,1,1
1359507,2023-04-23,Eden Gardens,Chennai Super Kings,Kolkata Knight Riders,2,17,6,Rk Singh,D Wiese,M Pathirana,1,0,1,0,[],0,Not Out,None,164,6,236,72.0,18,Chennai Super Kings,0,37,1,25,1,0.0,0.0,1,1,2023,0,0,0,37,26
1359507,2023-04-23,Eden Gardens,Chennai Super Kings,Kolkata Knight Riders,2,18,1,Rk Singh,D Wiese,TU Deshpande,6,0,6,0,[],0,Not Out,None,170,6,236,66.0,17,Chennai Super Kings,0,43,1,26,1,0.0,0.0,6,1,2023,1,0,0,43,27
1359507,2023-04-23,Eden Gardens,Chennai Super Kings,Kolkata Knight Riders,2,18,2,Rk Singh,D Wiese,TU Deshpande,1,0,1,0,[],0,Not Out,None,171,6,236,65.0,16,Chennai Super Kings,0,44,1,27,1,0.0,0.0,1,1,2023,0,0,0,44,28
1359507,2023-04-23,Eden Gardens,Chennai Super Kings,Kolkata Knight Riders,2,18,3,D Wiese,RK Singh,TU Deshpande,0,0,0,0,[],1,lbw,D Wiese,171,7,236,65.0,15,Chennai Super Kings,0,0,44,0,27,1.0,2.0,0,1,2023,0,1,1,1,2
1359507,2023-04-23,Eden Gardens,Chennai Super Kings,Kolkata Knight Riders,2,18,4,Ut Yadav,RK Singh,TU Deshpande,0,0,0,0,[],0,Not Out,None,171,7,236,65.0,14,Chennai Super Kings,0,0,44,1,27,0.0,0.0,0,1,2023,0,0,1,0,1
1359507,2023-04-23,Eden Gardens,Chennai Super Kings,Kolkata Knight Riders,2,18,5,Ut Yadav,RK Singh,TU Deshpande,0,1,1,1,['wides'],0,Not Out,None,172,7,236,64.0,14,Chennai Super Kings,0,0,44,0,27,0.0,0.0,1,0,2023,0,0,0,0,2
1359507,2023-04-23,Eden Gardens,Chennai Super Kings,Kolkata Knight Riders,2,18,5,Ut Yadav,RK Singh,TU Deshpande,2,0,2,0,[],0,Not Out,None,174,7,236,62.0,13,Chennai Super Kings,0,2,44,2,27,0.0,0.0,2,1,2023,0,0,0,2,3
1359507,2023-04-23,Eden Gardens,Chennai Super Kings,Kolkata Knight Riders,2,18,6,Ut Yadav,RK Singh,TU Deshpande,0,1,1,1,['wides'],0,Not Out,None,175,7,236,61.0,13,Chennai Super Kings,0,2,44,2,27,0.0,0.0,1,0,2023,0,0,0,2,4
1359507,2023-04-23,Eden Gardens,Chennai Super Kings,Kolkata Knight Riders,2,18,6,Ut Yadav,RK Singh,TU Deshpande,2,0,2,0,[],0,Not Out,None,177,7,236,59.0,12,Chennai Super Kings,0,4,44,3,27,0.0,0.0,2,1,2023,0,0,0,4,5
1359507,2023-04-23,Eden Gardens,Chennai Super Kings,Kolkata Knight Riders,2,19,1,Rk Singh,UT Yadav,M Theekshana,2,0,2,0,[],0,Not Out,None,179,7,236,57.0,11,Chennai Super Kings,0,46,4,28,3,0.0,0.0,2,1,2023,0,0,0,46,29
1359507,2023-04-23,Eden Gardens,Chennai Super Kings,Kolkata Knight Riders,2,19,2,Rk Singh,UT Yadav,M Theekshana,1,0,1,0,[],0,Not Out,None,180,7,236,56.0,10,Chennai Super Kings,0,47,4,29,3,0.0,0.0,1,1,2023,0,0,0,47,30
1359507,2023-04-23,Eden Gardens,Chennai Super Kings,Kolkata Knight Riders,2,19,3,Ut Yadav,RK Singh,M Theekshana,0,0,0,0,[],1,caught,UT Yadav,180,8,236,56.0,9,Chennai Super Kings,0,0,47,0,29,4.0,4.0,0,1,2023,0,1,1,4,6
1359507,2023-04-23,Eden Gardens,Chennai Super Kings,Kolkata Knight Riders,2,19,4,Cv Varun,RK Singh,M Theekshana,0,0,0,0,[],0,Not Out,None,180,8,236,56.0,8,Chennai Super Kings,0,0,47,1,29,0.0,0.0,0,1,2023,0,0,1,0,1
1359507,2023-04-23,Eden Gardens,Chennai Super Kings,Kolkata Knight Riders,2,19,5,Cv Varun,RK Singh,M Theekshana,0,0,0,0,[],0,Not Out,None,180,8,236,56.0,7,Chennai Super Kings,0,0,47,2,29,0.0,0.0,0,1,2023,0,0,1,0,2
1359507,2023-04-23,Eden Gardens,Chennai Super Kings,Kolkata Knight Riders,2,19,6,Cv Varun,RK Singh,M Theekshana,0,0,0,0,[],0,Not Out,None,180,8,236,56.0,6,Chennai Super Kings,0,0,47,3,29,0.0,0.0,0,1,2023,0,0,1,0,3
1359507,2023-04-23,Eden Gardens,Chennai Super Kings,Kolkata Knight Riders,2,20,1,Rk Singh,CV Varun,M Pathirana,0,0,0,0,[],0,Not Out,None,180,8,236,56.0,5,Chennai Super Kings,0,47,0,30,3,0.0,0.0,0,1,2023,0,0,1,47,31
1359507,2023-04-23,Eden Gardens,Chennai Super Kings,Kolkata Knight Riders,2,20,2,Rk Singh,CV Varun,M Pathirana,0,0,0,0,[],0,Not Out,None,180,8,236,56.0,4,Chennai Super Kings,0,47,0,31,3,0.0,0.0,0,1,2023,0,0,1,47,32
1359507,2023-04-23,Eden Gardens,Chennai Super Kings,Kolkata Knight Riders,2,20,3,Rk Singh,CV Varun,M Pathirana,6,0,6,0,[],0,Not Out,None,186,8,236,50.0,3,Chennai Super Kings,0,53,0,32,3,0.0,0.0,6,1,2023,1,0,0,53,33
1359507,2023-04-23,Eden Gardens,Chennai Super Kings,Kolkata Knight Riders,2,20,4,Rk Singh,CV Varun,M Pathirana,0,0,0,0,[],0,Not Out,None,186,8,236,50.0,2,Chennai Super Kings,0,53,0,33,3,0.0,0.0,0,1,2023,0,0,1,53,34
1359507,2023-04-23,Eden Gardens,Chennai Super Kings,Kolkata Knight Riders,2,20,5,Rk Singh,CV Varun,M Pathirana,0,0,0,0,[],0,Not Out,None,186,8,236,50.0,1,Chennai Super Kings,0,53,0,34,3,0.0,0.0,0,1,2023,0,0,1,53,35
1359507,2023-04-23,Eden Gardens,Chennai Super Kings,Kolkata Knight Riders,2,20,6,Rk Singh,CV Varun,M Pathirana,0,0,0,0,[],0,Not Out,None,186,8,236,50.0,0,Chennai Super Kings,0,53,0,35,3,0.0,0.0,0,1,2023,0,0,1,53,36
392217,2009-05-09,De Beers Diamond Oval,Rajasthan Royals,Chennai Super Kings,1,1,1,Gc Smith,NV Ojha,JA Morkel,1,0,1,0,[],0,Not Out,None,1,0,141,0.0,119,Chennai Super Kings,1,1,0,1,0,0.0,0.0,1,1,2009,0,0,0,1,1
392217,2009-05-09,De Beers Diamond Oval,Rajasthan Royals,Chennai Super Kings,1,1,2,Nv Ojha,GC Smith,JA Morkel,0,0,0,0,[],0,Not Out,None,1,0,141,0.0,118,Chennai Super Kings,1,0,1,1,1,0.0,0.0,0,1,2009,0,0,1,0,1
392217,2009-05-09,De Beers Diamond Oval,Rajasthan Royals,Chennai Super Kings,1,1,3,Nv Ojha,GC Smith,JA Morkel,0,0,0,0,[],1,bowled,NV Ojha,1,1,141,0.0,117,Chennai Super Kings,1,0,1,0,1,0.0,2.0,0,1,2009,0,1,1,0,2
392217,2009-05-09,De Beers Diamond Oval,Rajasthan Royals,Chennai Super Kings,1,1,4,Sa Asnodkar,GC Smith,JA Morkel,0,0,0,0,[],0,Not Out,None,1,1,141,0.0,116,Chennai Super Kings,1,0,1,1,1,0.0,0.0,0,1,2009,0,0,1,0,1
392217,2009-05-09,De Beers Diamond Oval,Rajasthan Royals,Chennai Super Kings,1,1,5,Sa Asnodkar,GC Smith,JA Morkel,4,0,4,0,[],0,Not Out,None,5,1,141,0.0,115,Chennai Super Kings,1,4,1,2,1,0.0,0.0,4,1,2009,0,0,0,4,2
392217,2009-05-09,De Beers Diamond Oval,Rajasthan Royals,Chennai Super Kings,1,1,6,Sa Asnodkar,GC Smith,JA Morkel,0,0,0,0,[],0,Not Out,None,5,1,141,0.0,114,Chennai Super Kings,1,4,1,3,1,0.0,0.0,0,1,2009,0,0,1,4,3
392217,2009-05-09,De Beers Diamond Oval,Rajasthan Royals,Chennai Super Kings,1,2,1,Gc Smith,SA Asnodkar,S Tyagi,0,0,0,0,[],0,Not Out,None,5,1,141,0.0,113,Chennai Super Kings,1,1,4,2,3,0.0,0.0,0,1,2009,0,0,1,1,2
392217,2009-05-09,De Beers Diamond Oval,Rajasthan Royals,Chennai Super Kings,1,2,2,Gc Smith,SA Asnodkar,S Tyagi,1,0,1,0,[],0,Not Out,None,6,1,141,0.0,112,Chennai Super Kings,1,2,4,3,3,0.0,0.0,1,1,2009,0,0,0,2,3
392217,2009-05-09,De Beers Diamond Oval,Rajasthan Royals,Chennai Super Kings,1,2,3,Sa Asnodkar,GC Smith,S Tyagi,0,0,0,0,[],0,Not Out,None,6,1,141,0.0,111,Chennai Super Kings,1,4,2,4,3,0.0,0.0,0,1,2009,0,0,1,4,4
392217,2009-05-09,De Beers Diamond Oval,Rajasthan Royals,Chennai Super Kings,1,2,4,Sa Asnodkar,GC Smith,S Tyagi,1,0,1,0,[],0,Not Out,None,7,1,141,0.0,110,Chennai Super Kings,1,5,2,5,3,0.0,0.0,1,1,2009,0,0,0,5,5
392217,2009-05-09,De Beers Diamond Oval,Rajasthan Royals,Chennai Super Kings,1,2,5,Gc Smith,SA Asnodkar,S Tyagi,0,0,0,0,[],0,Not Out,None,7,1,141,0.0,109,Chennai Super Kings,1,2,5,4,5,0.0,0.0,0,1,2009,0,0,1,2,4
392217,2009-05-09,De Beers Diamond Oval,Rajasthan Royals,Chennai Super Kings,1,2,6,Gc Smith,SA Asnodkar,S Tyagi,1,0,1,0,[],0,Not Out,None,8,1,141,0.0,108,Chennai Super Kings,1,3,5,5,5,0.0,0.0,1,1,2009,0,0,0,3,5
392217,2009-05-09,De Beers Diamond Oval,Rajasthan Royals,Chennai Super Kings,1,3,1,Gc Smith,SA Asnodkar,JA Morkel,4,0,4,0,[],0,Not Out,None,12,1,141,0.0,107,Chennai Super Kings,1,7,5,6,5,0.0,0.0,4,1,2009,0,0,0,7,6
392217,2009-05-09,De Beers Diamond Oval,Rajasthan Royals,Chennai Super Kings,1,3,2,Gc Smith,SA Asnodkar,JA Morkel,0,0,0,0,[],0,Not Out,None,12,1,141,0.0,106,Chennai Super Kings,1,7,5,7,5,0.0,0.0,0,1,2009,0,0,1,7,7
392217,2009-05-09,De Beers Diamond Oval,Rajasthan Royals,Chennai Super Kings,1,3,3,Gc Smith,SA Asnodkar,JA Morkel,1,0,1,0,[],0,Not Out,None,13,1,141,0.0,105,Chennai Super Kings,1,8,5,8,5,0.0,0.0,1,1,2009,0,0,0,8,8
392217,2009-05-09,De Beers Diamond Oval,Rajasthan Royals,Chennai Super Kings,1,3,4,Sa Asnodkar,GC Smith,JA Morkel,0,0,0,0,[],0,Not Out,None,13,1,141,0.0,104,Chennai Super Kings,1,5,8,6,8,0.0,0.0,0,1,2009,0,0,1,5,6
392217,2009-05-09,De Beers Diamond Oval,Rajasthan Royals,Chennai Super Kings,1,3,5,Sa Asnodkar,GC Smith,JA Morkel,0,0,0,0,[],0,Not Out,None,13,1,141,0.0,103,Chennai Super Kings,1,5,8,7,8,0.0,0.0,0,1,2009,0,0,1,5,7
392217,2009-05-09,De Beers Diamond Oval,Rajasthan Royals,Chennai Super Kings,1,3,6,Sa Asnodkar,GC Smith,JA Morkel,0,0,0,0,[],0,Not Out,None,13,1,141,0.0,102,Chennai Super Kings,1,5,8,8,8,0.0,0.0,0,1,2009,0,0,1,5,8
392217,2009-05-09,De Beers Diamond Oval,Rajasthan Royals,Chennai Super Kings,1,4,1,Gc Smith,SA Asnodkar,S Tyagi,1,0,1,0,[],0,Not Out,None,14,1,141,0.0,101,Chennai Super Kings,1,9,5,9,8,0.0,0.0,1,1,2009,0,0,0,9,9
392217,2009-05-09,De Beers Diamond Oval,Rajasthan Royals,Chennai Super Kings,1,4,2,Sa Asnodkar,GC Smith,S Tyagi,0,0,0,0,[],0,Not Out,None,14,1,141,0.0,100,Chennai Super Kings,1,5,9,9,9,0.0,0.0,0,1,2009,0,0,1,5,9
392217,2009-05-09,De Beers Diamond Oval,Rajasthan Royals,Chennai Super Kings,1,4,3,Sa Asnodkar,GC Smith,S Tyagi,2,0,2,0,[],0,Not Out,None,16,1,141,0.0,99,Chennai Super Kings,1,7,9,10,9,0.0,0.0,2,1,2009,0,0,0,7,10
392217,2009-05-09,De Beers Diamond Oval,Rajasthan Royals,Chennai Super Kings,1,4,4,Sa Asnodkar,GC Smith,S Tyagi,2,0,2,0,[],0,Not Out,None,18,1,141,0.0,98,Chennai Super Kings,1,9,9,11,9,0.0,0.0,2,1,2009,0,0,0,9,11
392217,2009-05-09,De Beers Diamond Oval,Rajasthan Royals,Chennai Super Kings,1,4,5,Sa Asnodkar,GC Smith,S Tyagi,0,0,0,0,[],0,Not Out,None,18,1,141,0.0,97,Chennai Super Kings,1,9,9,12,9,0.0,0.0,0,1,2009,0,0,1,9,12
392217,2009-05-09,De Beers Diamond Oval,Rajasthan Royals,Chennai Super Kings,1,4,6,Sa Asnodkar,GC Smith,S Tyagi,4,0,4,0,[],0,Not Out,None,22,1,141,0.0,96,Chennai Super Kings,1,13,9,13,9,0.0,0.0,4,1,2009,0,0,0,13,13
392217,2009-05-09,De Beers Diamond Oval,Rajasthan Royals,Chennai Super Kings,1,5,1,Gc Smith,SA Asnodkar,L Balaji,0,0,0,0,[],0,Not Out,None,22,1,141,0.0,95,Chennai Super Kings,1,9,13,10,13,0.0,0.0,0,1,2009,0,0,1,9,10
392217,2009-05-09,De Beers Diamond Oval,Rajasthan Royals,Chennai Super Kings,1,5,2,Gc Smith,SA Asnodkar,L Balaji,1,0,1,0,[],0,Not Out,None,23,1,141,0.0,94,Chennai Super Kings,1,10,13,11,13,0.0,0.0,1,1,2009,0,0,0,10,11
392217,2009-05-09,De Beers Diamond Oval,Rajasthan Royals,Chennai Super Kings,1,5,3,Sa Asnodkar,GC Smith,L Balaji,0,0,0,0,[],0,Not Out,None,23,1,141,0.0,93,Chennai Super Kings,1,13,10,14,11,0.0,0.0,0,1,2009,0,0,1,13,14
392217,2009-05-09,De Beers Diamond Oval,Rajasthan Royals,Chennai Super Kings,1,5,4,Sa Asnodkar,GC Smith,L Balaji,0,0,0,0,[],0,Not Out,None,23,1,141,0.0,92,Chennai Super Kings,1,13,10,15,11,0.0,0.0,0,1,2009,0,0,1,13,15
392217,2009-05-09,De Beers Diamond Oval,Rajasthan Royals,Chennai Super Kings,1,5,5,Sa Asnodkar,GC Smith,L Balaji,1,0,1,0,[],0,Not Out,None,24,1,141,0.0,91,Chennai Super Kings,1,14,10,16,11,0.0,0.0,1,1,2009,0,0,0,14,16
392217,2009-05-09,De Beers Diamond Oval,Rajasthan Royals,Chennai Super Kings,1,5,6,Gc Smith,SA Asnodkar,L Balaji,1,0,1,0,[],0,Not Out,None,25,1,141,0.0,90,Chennai Super Kings,1,11,14,12,16,0.0,0.0,1,1,2009,0,0,0,11,12
392217,2009-05-09,De Beers Diamond Oval,Rajasthan Royals,Chennai Super Kings,1,6,1,Gc Smith,SA Asnodkar,JDP Oram,0,0,0,0,[],0,Not Out,None,25,1,141,0.0,89,Chennai Super Kings,1,11,14,13,16,0.0,0.0,0,1,2009,0,0,1,11,13
392217,2009-05-09,De Beers Diamond Oval,Rajasthan Royals,Chennai Super Kings,1,6,2,Gc Smith,SA Asnodkar,JDP Oram,2,0,2,0,[],0,Not Out,None,27,1,141,0.0,88,Chennai Super Kings,1,13,14,14,16,0.0,0.0,2,1,2009,0,0,0,13,14
392217,2009-05-09,De Beers Diamond Oval,Rajasthan Royals,Chennai Super Kings,1,6,3,Gc Smith,SA Asnodkar,JDP Oram,0,1,1,0,['legbyes'],0,Not Out,None,28,1,141,0.0,87,Chennai Super Kings,1,13,14,15,16,0.0,0.0,0,1,2009,0,0,0,13,15
392217,2009-05-09,De Beers Diamond Oval,Rajasthan Royals,Chennai Super Kings,1,6,4,Sa Asnodkar,GC Smith,JDP Oram,6,0,6,0,[],0,Not Out,None,34,1,141,0.0,86,Chennai Super Kings,1,20,13,17,15,0.0,0.0,6,1,2009,1,0,0,20,17
392217,2009-05-09,De Beers Diamond Oval,Rajasthan Royals,Chennai Super Kings,1,6,5,Sa Asnodkar,GC Smith,JDP Oram,0,0,0,0,[],0,Not Out,None,34,1,141,0.0,85,Chennai Super Kings,1,20,13,18,15,0.0,0.0,0,1,2009,0,0,1,20,18
392217,2009-05-09,De Beers Diamond Oval,Rajasthan Royals,Chennai Super Kings,1,6,6,Sa Asnodkar,GC Smith,JDP Oram,0,0,0,0,[],0,Not Out,None,34,1,141,0.0,84,Chennai Super Kings,1,20,13,19,15,0.0,0.0,0,1,2009,0,0,1,20,19
392217,2009-05-09,De Beers Diamond Oval,Rajasthan Royals,Chennai Super Kings,1,7,1,Gc Smith,SA Asnodkar,M Muralitharan,4,0,4,0,[],0,Not Out,None,38,1,141,0.0,83,Chennai Super Kings,1,17,20,16,19,0.0,0.0,4,1,2009,0,0,0,17,16
392217,2009-05-09,De Beers Diamond Oval,Rajasthan Royals,Chennai Super Kings,1,7,2,Gc Smith,SA Asnodkar,M Muralitharan,0,0,0,0,[],0,Not Out,None,38,1,141,0.0,82,Chennai Super Kings,1,17,20,17,19,0.0,0.0,0,1,2009,0,0,1,17,17
392217,2009-05-09,De Beers Diamond Oval,Rajasthan Royals,Chennai Super Kings,1,7,3,Gc Smith,SA Asnodkar,M Muralitharan,2,0,2,0,[],0,Not Out,None,40,1,141,0.0,81,Chennai Super Kings,1,19,20,18,19,0.0,0.0,2,1,2009,0,0,0,19,18
392217,2009-05-09,De Beers Diamond Oval,Rajasthan Royals,Chennai Super Kings,1,7,4,Gc Smith,SA Asnodkar,M Muralitharan,0,0,0,0,[],0,Not Out,None,40,1,141,0.0,80,Chennai Super Kings,1,19,20,19,19,0.0,0.0,0,1,2009,0,0,1,19,19
392217,2009-05-09,De Beers Diamond Oval,Rajasthan Royals,Chennai Super Kings,1,7,5,Gc Smith,SA Asnodkar,M Muralitharan,0,1,1,0,['legbyes'],0,Not Out,None,41,1,141,0.0,79,Chennai Super Kings,1,19,20,20,19,0.0,0.0,0,1,2009,0,0,0,19,20
392217,2009-05-09,De Beers Diamond Oval,Rajasthan Royals,Chennai Super Kings,1,7,6,Sa Asnodkar,GC Smith,M Muralitharan,0,0,0,0,[],0,Not Out,None,41,1,141,0.0,78,Chennai Super Kings,1,20,19,20,20,0.0,0.0,0,1,2009,0,0,1,20,20
392217,2009-05-09,De Beers Diamond Oval,Rajasthan Royals,Chennai Super Kings,1,8,1,Gc Smith,SA Asnodkar,SB Jakati,1,0,1,0,[],0,Not Out,None,42,1,141,0.0,77,Chennai Super Kings,1,20,20,21,20,0.0,0.0,1,1,2009,0,0,0,20,21
392217,2009-05-09,De Beers Diamond Oval,Rajasthan Royals,Chennai Super Kings,1,8,2,Sa Asnodkar,GC Smith,SB Jakati,0,1,1,1,['wides'],0,Not Out,None,43,1,141,0.0,77,Chennai Super Kings,1,20,20,21,21,0.0,0.0,1,0,2009,0,0,0,20,21
392217,2009-05-09,De Beers Diamond Oval,Rajasthan Royals,Chennai Super Kings,1,8,2,Sa Asnodkar,GC Smith,SB Jakati,1,0,1,0,[],0,Not Out,None,44,1,141,0.0,76,Chennai Super Kings,1,21,20,22,21,0.0,0.0,1,1,2009,0,0,0,21,22
392217,2009-05-09,De Beers Diamond Oval,Rajasthan Royals,Chennai Super Kings,1,8,3,Gc Smith,SA Asnodkar,SB Jakati,2,0,2,0,[],0,Not Out,None,46,1,141,0.0,75,Chennai Super Kings,1,22,21,22,22,0.0,0.0,2,1,2009,0,0,0,22,22
392217,2009-05-09,De Beers Diamond Oval,Rajasthan Royals,Chennai Super Kings,1,8,4,Gc Smith,SA Asnodkar,SB Jakati,0,0,0,0,[],0,Not Out,None,46,1,141,0.0,74,Chennai Super Kings,1,22,21,23,22,0.0,0.0,0,1,2009,0,0,1,22,23
392217,2009-05-09,De Beers Diamond Oval,Rajasthan Royals,Chennai Super Kings,1,8,5,Gc Smith,SA Asnodkar,SB Jakati,1,0,1,0,[],0,Not Out,None,47,1,141,0.0,73,Chennai Super Kings,1,23,21,24,22,0.0,0.0,1,1,2009,0,0,0,23,24
392217,2009-05-09,De Beers Diamond Oval,Rajasthan Royals,Chennai Super Kings,1,8,6,Sa Asnodkar,GC Smith,SB Jakati,0,0,0,0,[],0,Not Out,None,47,1,141,0.0,72,Chennai Super Kings,1,21,23,23,24,0.0,0.0,0,1,2009,0,0,1,21,23
392217,2009-05-09,De Beers Diamond Oval,Rajasthan Royals,Chennai Super Kings,1,9,1,Gc Smith,SA Asnodkar,M Muralitharan,1,0,1,0,[],0,Not Out,None,48,1,141,0.0,71,Chennai Super Kings,1,24,21,25,23,0.0,0.0,1,1,2009,0,0,0,24,25
392217,2009-05-09,De Beers Diamond Oval,Rajasthan Royals,Chennai Super Kings,1,9,2,Sa Asnodkar,GC Smith,M Muralitharan,4,0,4,0,[],0,Not Out,None,52,1,141,0.0,70,Chennai Super Kings,1,25,24,24,25,0.0,0.0,4,1,2009,0,0,0,25,24
392217,2009-05-09,De Beers Diamond Oval,Rajasthan Royals,Chennai Super Kings,1,9,3,Sa Asnodkar,GC Smith,M Muralitharan,1,0,1,0,[],0,Not Out,None,53,1,141,0.0,69,Chennai Super Kings,1,26,24,25,25,0.0,0.0,1,1,2009,0,0,0,26,25
392217,2009-05-09,De Beers Diamond Oval,Rajasthan Royals,Chennai Super Kings,1,9,4,Gc Smith,SA Asnodkar,M Muralitharan,1,0,1,0,[],0,Not Out,None,54,1,141,0.0,68,Chennai Super Kings,1,25,26,26,25,0.0,0.0,1,1,2009,0,0,0,25,26
392217,2009-05-09,De Beers Diamond Oval,Rajasthan Royals,Chennai Super Kings,1,9,5,Sa Asnodkar,GC Smith,M Muralitharan,0,0,0,0,[],1,lbw,SA Asnodkar,54,2,141,0.0,67,Chennai Super Kings,1,0,25,0,26,26.0,26.0,0,1,2009,0,1,1,26,26
392217,2009-05-09,De Beers Diamond Oval,Rajasthan Royals,Chennai Super Kings,1,9,6,Ra Jadeja,GC Smith,M Muralitharan,1,0,1,0,[],0,Not Out,None,55,2,141,0.0,66,Chennai Super Kings,1,1,25,1,26,0.0,0.0,1,1,2009,0,0,0,1,1
392217,2009-05-09,De Beers Diamond Oval,Rajasthan Royals,Chennai Super Kings,1,10,1,Ra Jadeja,GC Smith,SK Raina,1,0,1,0,[],0,Not Out,None,56,2,141,0.0,65,Chennai Super Kings,1,2,25,2,26,0.0,0.0,1,1,2009,0,0,0,2,2
392217,2009-05-09,De Beers Diamond Oval,Rajasthan Royals,Chennai Super Kings,1,10,2,Gc Smith,RA Jadeja,SK Raina,1,0,1,0,[],0,Not Out,None,57,2,141,0.0,64,Chennai Super Kings,1,26,2,27,2,0.0,0.0,1,1,2009,0,0,0,26,27
392217,2009-05-09,De Beers Diamond Oval,Rajasthan Royals,Chennai Super Kings,1,10,3,Ra Jadeja,GC Smith,SK Raina,1,0,1,0,[],0,Not Out,None,58,2,141,0.0,63,Chennai Super Kings,1,3,26,3,27,0.0,0.0,1,1,2009,0,0,0,3,3
392217,2009-05-09,De Beers Diamond Oval,Rajasthan Royals,Chennai Super Kings,1,10,4,Gc Smith,RA Jadeja,SK Raina,1,0,1,0,[],0,Not Out,None,59,2,141,0.0,62,Chennai Super Kings,1,27,3,28,3,0.0,0.0,1,1,2009,0,0,0,27,28
392217,2009-05-09,De Beers Diamond Oval,Rajasthan Royals,Chennai Super Kings,1,10,5,Ra Jadeja,GC Smith,SK Raina,1,0,1,0,[],0,Not Out,None,60,2,141,0.0,61,Chennai Super Kings,1,4,27,4,28,0.0,0.0,1,1,2009,0,0,0,4,4
392217,2009-05-09,De Beers Diamond Oval,Rajasthan Royals,Chennai Super Kings,1,10,6,Gc Smith,RA Jadeja,SK Raina,1,0,1,0,[],0,Not Out,None,61,2,141,0.0,60,Chennai Super Kings,1,28,4,29,4,0.0,0.0,1,1,2009,0,0,0,28,29
392217,2009-05-09,De Beers Diamond Oval,Rajasthan Royals,Chennai Super Kings,1,11,1,Gc Smith,RA Jadeja,M Muralitharan,0,0,0,0,[],0,Not Out,None,61,2,141,0.0,59,Chennai Super Kings,1,28,4,30,4,0.0,0.0,0,1,2009,0,0,1,28,30
392217,2009-05-09,De Beers Diamond Oval,Rajasthan Royals,Chennai Super Kings,1,11,2,Gc Smith,RA Jadeja,M Muralitharan,1,0,1,0,[],0,Not Out,None,62,2,141,0.0,58,Chennai Super Kings,1,29,4,31,4,0.0,0.0,1,1,2009,0,0,0,29,31
392217,2009-05-09,De Beers Diamond Oval,Rajasthan Royals,Chennai Super Kings,1,11,3,Ra Jadeja,GC Smith,M Muralitharan,2,0,2,0,[],0,Not Out,None,64,2,141,0.0,57,Chennai Super Kings,1,6,29,5,31,0.0,0.0,2,1,2009,0,0,0,6,5
392217,2009-05-09,De Beers Diamond Oval,Rajasthan Royals,Chennai Super Kings,1,11,4,Ra Jadeja,GC Smith,M Muralitharan,0,0,0,0,[],0,Not Out,None,64,2,141,0.0,56,Chennai Super Kings,1,6,29,6,31,0.0,0.0,0,1,2009,0,0,1,6,6
392217,2009-05-09,De Beers Diamond Oval,Rajasthan Royals,Chennai Super Kings,1,11,5,Ra Jadeja,GC Smith,M Muralitharan,4,0,4,0,[],0,Not Out,None,68,2,141,0.0,55,Chennai Super Kings,1,10,29,7,31,0.0,0.0,4,1,2009,0,0,0,10,7
392217,2009-05-09,De Beers Diamond Oval,Rajasthan Royals,Chennai Super Kings,1,11,6,Ra Jadeja,GC Smith,M Muralitharan,0,0,0,0,[],0,Not Out,None,68,2,141,0.0,54,Chennai Super Kings,1,10,29,8,31,0.0,0.0,0,1,2009,0,0,1,10,8
392217,2009-05-09,De Beers Diamond Oval,Rajasthan Royals,Chennai Super Kings,1,12,1,Gc Smith,RA Jadeja,SK Raina,1,0,1,0,[],0,Not Out,None,69,2,141,0.0,53,Chennai Super Kings,1,30,10,32,8,0.0,0.0,1,1,2009,0,0,0,30,32
392217,2009-05-09,De Beers Diamond Oval,Rajasthan Royals,Chennai Super Kings,1,12,2,Ra Jadeja,GC Smith,SK Raina,0,0,0,0,[],0,Not Out,None,69,2,141,0.0,52,Chennai Super Kings,1,10,30,9,32,0.0,0.0,0,1,2009,0,0,1,10,9
392217,2009-05-09,De Beers Diamond Oval,Rajasthan Royals,Chennai Super Kings,1,12,3,Ra Jadeja,GC Smith,SK Raina,4,0,4,0,[],0,Not Out,None,73,2,141,0.0,51,Chennai Super Kings,1,14,30,10,32,0.0,0.0,4,1,2009,0,0,0,14,10
392217,2009-05-09,De Beers Diamond Oval,Rajasthan Royals,Chennai Super Kings,1,12,4,Ra Jadeja,GC Smith,SK Raina,0,0,0,0,[],0,Not Out,None,73,2,141,0.0,50,Chennai Super Kings,1,14,30,11,32,0.0,0.0,0,1,2009,0,0,1,14,11
392217,2009-05-09,De Beers Diamond Oval,Rajasthan Royals,Chennai Super Kings,1,12,5,Ra Jadeja,GC Smith,SK Raina,0,0,0,0,[],0,Not Out,None,73,2,141,0.0,49,Chennai Super Kings,1,14,30,12,32,0.0,0.0,0,1,2009,0,0,1,14,12
392217,2009-05-09,De Beers Diamond Oval,Rajasthan Royals,Chennai Super Kings,1,12,6,Ra Jadeja,GC Smith,SK Raina,1,0,1,0,[],0,Not Out,None,74,2,141,0.0,48,Chennai Super Kings,1,15,30,13,32,0.0,0.0,1,1,2009,0,0,0,15,13
392217,2009-05-09,De Beers Diamond Oval,Rajasthan Royals,Chennai Super Kings,1,13,1,Ra Jadeja,GC Smith,M Muralitharan,1,0,1,0,[],0,Not Out,None,75,2,141,0.0,47,Chennai Super Kings,1,16,30,14,32,0.0,0.0,1,1,2009,0,0,0,16,14
392217,2009-05-09,De Beers Diamond Oval,Rajasthan Royals,Chennai Super Kings,1,13,2,Gc Smith,RA Jadeja,M Muralitharan,0,0,0,0,[],1,stumped,GC Smith,75,3,141,0.0,46,Chennai Super Kings,1,0,16,0,14,30.0,33.0,0,1,2009,0,1,1,30,33
392217,2009-05-09,De Beers Diamond Oval,Rajasthan Royals,Chennai Super Kings,1,13,3,Yk Pathan,RA Jadeja,M Muralitharan,0,0,0,0,[],0,Not Out,None,75,3,141,0.0,45,Chennai Super Kings,1,0,16,1,14,0.0,0.0,0,1,2009,0,0,1,0,1
392217,2009-05-09,De Beers Diamond Oval,Rajasthan Royals,Chennai Super Kings,1,13,4,Yk Pathan,RA Jadeja,M Muralitharan,0,0,0,0,[],0,Not Out,None,75,3,141,0.0,44,Chennai Super Kings,1,0,16,2,14,0.0,0.0,0,1,2009,0,0,1,0,2
392217,2009-05-09,De Beers Diamond Oval,Rajasthan Royals,Chennai Super Kings,1,13,5,Yk Pathan,RA Jadeja,M Muralitharan,0,0,0,0,[],0,Not Out,None,75,3,141,0.0,43,Chennai Super Kings,1,0,16,3,14,0.0,0.0,0,1,2009,0,0,1,0,3
392217,2009-05-09,De Beers Diamond Oval,Rajasthan Royals,Chennai Super Kings,1,13,6,Yk Pathan,RA Jadeja,M Muralitharan,0,0,0,0,[],0,Not Out,None,75,3,141,0.0,42,Chennai Super Kings,1,0,16,4,14,0.0,0.0,0,1,2009,0,0,1,0,4
392217,2009-05-09,De Beers Diamond Oval,Rajasthan Royals,Chennai Super Kings,1,14,1,Ra Jadeja,YK Pathan,SB Jakati,0,0,0,0,[],0,Not Out,None,75,3,141,0.0,41,Chennai Super Kings,1,16,0,15,4,0.0,0.0,0,1,2009,0,0,1,16,15
392217,2009-05-09,De Beers Diamond Oval,Rajasthan Royals,Chennai Super Kings,1,14,2,Ra Jadeja,YK Pathan,SB Jakati,6,0,6,0,[],0,Not Out,None,81,3,141,0.0,40,Chennai Super Kings,1,22,0,16,4,0.0,0.0,6,1,2009,1,0,0,22,16
392217,2009-05-09,De Beers Diamond Oval,Rajasthan Royals,Chennai Super Kings,1,14,3,Ra Jadeja,YK Pathan,SB Jakati,4,0,4,0,[],0,Not Out,None,85,3,141,0.0,39,Chennai Super Kings,1,26,0,17,4,0.0,0.0,4,1,2009,0,0,0,26,17
392217,2009-05-09,De Beers Diamond Oval,Rajasthan Royals,Chennai Super Kings,1,14,4,Ra Jadeja,YK Pathan,SB Jakati,1,0,1,0,[],0,Not Out,None,86,3,141,0.0,38,Chennai Super Kings,1,27,0,18,4,0.0,0.0,1,1,2009,0,0,0,27,18
392217,2009-05-09,De Beers Diamond Oval,Rajasthan Royals,Chennai Super Kings,1,14,5,Yk Pathan,RA Jadeja,SB Jakati,0,0,0,0,[],0,Not Out,None,86,3,141,0.0,37,Chennai Super Kings,1,0,27,5,18,0.0,0.0,0,1,2009,0,0,1,0,5
392217,2009-05-09,De Beers Diamond Oval,Rajasthan Royals,Chennai Super Kings,1,14,6,Yk Pathan,RA Jadeja,SB Jakati,6,0,6,0,[],0,Not Out,None,92,3,141,0.0,36,Chennai Super Kings,1,6,27,6,18,0.0,0.0,6,1,2009,1,0,0,6,6
392217,2009-05-09,De Beers Diamond Oval,Rajasthan Royals,Chennai Super Kings,1,15,1,Ra Jadeja,YK Pathan,L Balaji,0,0,0,0,[],1,caught,RA Jadeja,92,4,141,0.0,35,Chennai Super Kings,1,0,6,0,6,27.0,19.0,0,1,2009,0,1,1,27,19
392217,2009-05-09,De Beers Diamond Oval,Rajasthan Royals,Chennai Super Kings,1,15,2,La Carseldine,YK Pathan,L Balaji,0,0,0,0,[],0,Not Out,None,92,4,141,0.0,34,Chennai Super Kings,1,0,6,1,6,0.0,0.0,0,1,2009,0,0,1,0,1
392217,2009-05-09,De Beers Diamond Oval,Rajasthan Royals,Chennai Super Kings,1,15,3,La Carseldine,YK Pathan,L Balaji,4,0,4,0,[],0,Not Out,None,96,4,141,0.0,33,Chennai Super Kings,1,4,6,2,6,0.0,0.0,4,1,2009,0,0,0,4,2
392217,2009-05-09,De Beers Diamond Oval,Rajasthan Royals,Chennai Super Kings,1,15,4,La Carseldine,YK Pathan,L Balaji,1,0,1,0,[],0,Not Out,None,97,4,141,0.0,32,Chennai Super Kings,1,5,6,3,6,0.0,0.0,1,1,2009,0,0,0,5,3
392217,2009-05-09,De Beers Diamond Oval,Rajasthan Royals,Chennai Super Kings,1,15,5,Yk Pathan,LA Carseldine,L Balaji,1,0,1,0,[],0,Not Out,None,98,4,141,0.0,31,Chennai Super Kings,1,7,5,7,3,0.0,0.0,1,1,2009,0,0,0,7,7
392217,2009-05-09,De Beers Diamond Oval,Rajasthan Royals,Chennai Super Kings,1,15,6,La Carseldine,YK Pathan,L Balaji,0,1,1,0,['legbyes'],0,Not Out,None,99,4,141,0.0,30,Chennai Super Kings,1,5,7,4,7,0.0,0.0,0,1,2009,0,0,0,5,4
392217,2009-05-09,De Beers Diamond Oval,Rajasthan Royals,Chennai Super Kings,1,16,1,La Carseldine,YK Pathan,SB Jakati,1,0,1,0,[],0,Not Out,None,100,4,141,0.0,29,Chennai Super Kings,1,6,7,5,7,0.0,0.0,1,1,2009,0,0,0,6,5
392217,2009-05-09,De Beers Diamond Oval,Rajasthan Royals,Chennai Super Kings,1,16,2,Yk Pathan,LA Carseldine,SB Jakati,0,0,0,0,[],0,Not Out,None,100,4,141,0.0,28,Chennai Super Kings,1,7,6,8,5,0.0,0.0,0,1,2009,0,0,1,7,8
392217,2009-05-09,De Beers Diamond Oval,Rajasthan Royals,Chennai Super Kings,1,16,3,Yk Pathan,LA Carseldine,SB Jakati,0,0,0,0,[],0,Not Out,None,100,4,141,0.0,27,Chennai Super Kings,1,7,6,9,5,0.0,0.0,0,1,2009,0,0,1,7,9
392217,2009-05-09,De Beers Diamond Oval,Rajasthan Royals,Chennai Super Kings,1,16,4,Yk Pathan,LA Carseldine,SB Jakati,0,0,0,0,[],0,Not Out,None,100,4,141,0.0,26,Chennai Super Kings,1,7,6,10,5,0.0,0.0,0,1,2009,0,0,1,7,10
392217,2009-05-09,De Beers Diamond Oval,Rajasthan Royals,Chennai Super Kings,1,16,5,Yk Pathan,LA Carseldine,SB Jakati,0,0,0,0,[],1,caught,YK Pathan,100,5,141,0.0,25,Chennai Super Kings,1,0,6,0,5,7.0,11.0,0,1,2009,0,1,1,7,11
392217,2009-05-09,De Beers Diamond Oval,Rajasthan Royals,Chennai Super Kings,1,16,6,La Carseldine,AS Raut,SB Jakati,1,0,1,0,[],0,Not Out,None,101,5,141,0.0,24,Chennai Super Kings,1,7,0,6,0,0.0,0.0,1,1,2009,0,0,0,7,6
392217,2009-05-09,De Beers Diamond Oval,Rajasthan Royals,Chennai Super Kings,1,17,1,La Carseldine,AS Raut,SK Raina,1,0,1,0,[],0,Not Out,None,102,5,141,0.0,23,Chennai Super Kings,1,8,0,7,0,0.0,0.0,1,1,2009,0,0,0,8,7
392217,2009-05-09,De Beers Diamond Oval,Rajasthan Royals,Chennai Super Kings,1,17,2,As Raut,LA Carseldine,SK Raina,1,0,1,0,[],0,Not Out,None,103,5,141,0.0,22,Chennai Super Kings,1,1,8,1,7,0.0,0.0,1,1,2009,0,0,0,1,1
392217,2009-05-09,De Beers Diamond Oval,Rajasthan Royals,Chennai Super Kings,1,17,3,La Carseldine,AS Raut,SK Raina,1,0,1,0,[],0,Not Out,None,104,5,141,0.0,21,Chennai Super Kings,1,9,1,8,1,0.0,0.0,1,1,2009,0,0,0,9,8
392217,2009-05-09,De Beers Diamond Oval,Rajasthan Royals,Chennai Super Kings,1,17,4,As Raut,LA Carseldine,SK Raina,0,0,0,0,[],1,run out,LA Carseldine,104,6,141,0.0,20,Chennai Super Kings,1,1,0,2,0,9.0,8.0,0,1,2009,0,0,1,1,2
392217,2009-05-09,De Beers Diamond Oval,Rajasthan Royals,Chennai Super Kings,1,17,5,As Raut,SK Warne,SK Raina,6,0,6,0,[],0,Not Out,None,110,6,141,0.0,19,Chennai Super Kings,1,7,0,3,0,0.0,0.0,6,1,2009,1,0,0,7,3
392217,2009-05-09,De Beers Diamond Oval,Rajasthan Royals,Chennai Super Kings,1,17,6,As Raut,SK Warne,SK Raina,0,0,0,0,[],0,Not Out,None,110,6,141,0.0,18,Chennai Super Kings,1,7,0,4,0,0.0,0.0,0,1,2009,0,0,1,7,4
392217,2009-05-09,De Beers Diamond Oval,Rajasthan Royals,Chennai Super Kings,1,18,1,Sk Warne,AS Raut,SB Jakati,1,0,1,0,[],0,Not Out,None,111,6,141,0.0,17,Chennai Super Kings,1,1,7,1,4,0.0,0.0,1,1,2009,0,0,0,1,1
392217,2009-05-09,De Beers Diamond Oval,Rajasthan Royals,Chennai Super Kings,1,18,2,As Raut,SK Warne,SB Jakati,0,0,0,0,[],1,stumped,AS Raut,111,7,141,0.0,16,Chennai Super Kings,1,0,1,0,1,7.0,5.0,0,1,2009,0,1,1,7,5
392217,2009-05-09,De Beers Diamond Oval,Rajasthan Royals,Chennai Super Kings,1,18,3,Sm Harwood,SK Warne,SB Jakati,1,0,1,0,[],0,Not Out,None,112,7,141,0.0,15,Chennai Super Kings,1,1,1,1,1,0.0,0.0,1,1,2009,0,0,0,1,1
392217,2009-05-09,De Beers Diamond Oval,Rajasthan Royals,Chennai Super Kings,1,18,4,Sk Warne,SM Harwood,SB Jakati,0,0,0,0,[],0,Not Out,None,112,7,141,0.0,14,Chennai Super Kings,1,1,1,2,1,0.0,0.0,0,1,2009,0,0,1,1,2
392217,2009-05-09,De Beers Diamond Oval,Rajasthan Royals,Chennai Super Kings,1,18,5,Sk Warne,SM Harwood,SB Jakati,6,0,6,0,[],0,Not Out,None,118,7,141,0.0,13,Chennai Super Kings,1,7,1,3,1,0.0,0.0,6,1,2009,1,0,0,7,3
392217,2009-05-09,De Beers Diamond Oval,Rajasthan Royals,Chennai Super Kings,1,18,6,Sk Warne,SM Harwood,SB Jakati,2,0,2,0,[],0,Not Out,None,120,7,141,0.0,12,Chennai Super Kings,1,9,1,4,1,0.0,0.0,2,1,2009,0,0,0,9,4
392217,2009-05-09,De Beers Diamond Oval,Rajasthan Royals,Chennai Super Kings,1,19,1,Sm Harwood,SK Warne,L Balaji,0,1,1,0,['legbyes'],0,Not Out,None,121,7,141,0.0,11,Chennai Super Kings,1,1,9,2,4,0.0,0.0,0,1,2009,0,0,0,1,2
392217,2009-05-09,De Beers Diamond Oval,Rajasthan Royals,Chennai Super Kings,1,19,2,Sk Warne,SM Harwood,L Balaji,0,1,1,0,['legbyes'],0,Not Out,None,122,7,141,0.0,10,Chennai Super Kings,1,9,1,5,2,0.0,0.0,0,1,2009,0,0,0,9,5
392217,2009-05-09,De Beers Diamond Oval,Rajasthan Royals,Chennai Super Kings,1,19,3,Sm Harwood,SK Warne,L Balaji,2,0,2,0,[],0,Not Out,None,124,7,141,0.0,9,Chennai Super Kings,1,3,9,3,5,0.0,0.0,2,1,2009,0,0,0,3,3
392217,2009-05-09,De Beers Diamond Oval,Rajasthan Royals,Chennai Super Kings,1,19,4,Sm Harwood,SK Warne,L Balaji,1,0,1,0,[],0,Not Out,None,125,7,141,0.0,8,Chennai Super Kings,1,4,9,4,5,0.0,0.0,1,1,2009,0,0,0,4,4
392217,2009-05-09,De Beers Diamond Oval,Rajasthan Royals,Chennai Super Kings,1,19,5,Sk Warne,SM Harwood,L Balaji,1,0,1,0,[],0,Not Out,None,126,7,141,0.0,7,Chennai Super Kings,1,10,4,6,4,0.0,0.0,1,1,2009,0,0,0,10,6
392217,2009-05-09,De Beers Diamond Oval,Rajasthan Royals,Chennai Super Kings,1,19,6,Sm Harwood,SK Warne,L Balaji,0,0,0,0,[],0,Not Out,None,126,7,141,0.0,6,Chennai Super Kings,1,4,10,5,6,0.0,0.0,0,1,2009,0,0,1,4,5
392217,2009-05-09,De Beers Diamond Oval,Rajasthan Royals,Chennai Super Kings,1,20,1,Sk Warne,SM Harwood,JA Morkel,1,0,1,0,[],0,Not Out,None,127,7,141,0.0,5,Chennai Super Kings,1,11,4,7,5,0.0,0.0,1,1,2009,0,0,0,11,7
392217,2009-05-09,De Beers Diamond Oval,Rajasthan Royals,Chennai Super Kings,1,20,2,Sm Harwood,SK Warne,JA Morkel,1,0,1,0,[],0,Not Out,None,128,7,141,0.0,4,Chennai Super Kings,1,5,11,6,7,0.0,0.0,1,1,2009,0,0,0,5,6
392217,2009-05-09,De Beers Diamond Oval,Rajasthan Royals,Chennai Super Kings,1,20,3,Sk Warne,SM Harwood,JA Morkel,4,0,4,0,[],0,Not Out,None,132,7,141,0.0,3,Chennai Super Kings,1,15,5,8,6,0.0,0.0,4,1,2009,0,0,0,15,8
392217,2009-05-09,De Beers Diamond Oval,Rajasthan Royals,Chennai Super Kings,1,20,4,Sk Warne,SM Harwood,JA Morkel,1,0,1,0,[],0,Not Out,None,133,7,141,0.0,2,Chennai Super Kings,1,16,5,9,6,0.0,0.0,1,1,2009,0,0,0,16,9
392217,2009-05-09,De Beers Diamond Oval,Rajasthan Royals,Chennai Super Kings,1,20,5,Sm Harwood,SK Warne,JA Morkel,1,1,2,1,['noballs'],0,Not Out,None,135,7,141,0.0,2,Chennai Super Kings,1,6,16,7,9,0.0,0.0,2,0,2009,0,0,0,6,7
392217,2009-05-09,De Beers Diamond Oval,Rajasthan Royals,Chennai Super Kings,1,20,5,Sk Warne,SM Harwood,JA Morkel,4,0,4,0,[],0,Not Out,None,139,7,141,0.0,1,Chennai Super Kings,1,20,6,10,7,0.0,0.0,4,1,2009,0,0,0,20,10
392217,2009-05-09,De Beers Diamond Oval,Rajasthan Royals,Chennai Super Kings,1,20,6,Sk Warne,SM Harwood,JA Morkel,1,0,1,0,[],0,Not Out,None,140,7,141,0.0,0,Chennai Super Kings,1,21,6,11,7,0.0,0.0,1,1,2009,0,0,0,21,11
392217,2009-05-09,De Beers Diamond Oval,Rajasthan Royals,Chennai Super Kings,2,1,1,M Vijay,ML Hayden,YK Pathan,1,0,1,0,[],0,Not Out,None,1,0,141,140.0,119,Chennai Super Kings,1,1,0,1,0,0.0,0.0,1,1,2009,0,0,0,1,1
392217,2009-05-09,De Beers Diamond Oval,Rajasthan Royals,Chennai Super Kings,2,1,2,Ml Hayden,M Vijay,YK Pathan,1,0,1,0,[],0,Not Out,None,2,0,141,139.0,118,Chennai Super Kings,1,1,1,1,1,0.0,0.0,1,1,2009,0,0,0,1,1
392217,2009-05-09,De Beers Diamond Oval,Rajasthan Royals,Chennai Super Kings,2,1,3,M Vijay,ML Hayden,YK Pathan,1,0,1,0,[],0,Not Out,None,3,0,141,138.0,117,Chennai Super Kings,1,2,1,2,1,0.0,0.0,1,1,2009,0,0,0,2,2
392217,2009-05-09,De Beers Diamond Oval,Rajasthan Royals,Chennai Super Kings,2,1,4,Ml Hayden,M Vijay,YK Pathan,4,0,4,0,[],0,Not Out,None,7,0,141,134.0,116,Chennai Super Kings,1,5,2,2,2,0.0,0.0,4,1,2009,0,0,0,5,2
392217,2009-05-09,De Beers Diamond Oval,Rajasthan Royals,Chennai Super Kings,2,1,5,Ml Hayden,M Vijay,YK Pathan,0,0,0,0,[],0,Not Out,None,7,0,141,134.0,115,Chennai Super Kings,1,5,2,3,2,0.0,0.0,0,1,2009,0,0,1,5,3
392217,2009-05-09,De Beers Diamond Oval,Rajasthan Royals,Chennai Super Kings,2,1,6,Ml Hayden,M Vijay,YK Pathan,2,0,2,0,[],0,Not Out,None,9,0,141,132.0,114,Chennai Super Kings,1,7,2,4,2,0.0,0.0,2,1,2009,0,0,0,7,4
392217,2009-05-09,De Beers Diamond Oval,Rajasthan Royals,Chennai Super Kings,2,2,1,M Vijay,ML Hayden,A Singh,0,0,0,0,[],0,Not Out,None,9,0,141,132.0,113,Chennai Super Kings,1,2,7,3,4,0.0,0.0,0,1,2009,0,0,1,2,3
392217,2009-05-09,De Beers Diamond Oval,Rajasthan Royals,Chennai Super Kings,2,2,2,M Vijay,ML Hayden,A Singh,0,0,0,0,[],0,Not Out,None,9,0,141,132.0,112,Chennai Super Kings,1,2,7,4,4,0.0,0.0,0,1,2009,0,0,1,2,4
392217,2009-05-09,De Beers Diamond Oval,Rajasthan Royals,Chennai Super Kings,2,2,3,M Vijay,ML Hayden,A Singh,0,0,0,0,[],0,Not Out,None,9,0,141,132.0,111,Chennai Super Kings,1,2,7,5,4,0.0,0.0,0,1,2009,0,0,1,2,5
392217,2009-05-09,De Beers Diamond Oval,Rajasthan Royals,Chennai Super Kings,2,2,4,M Vijay,ML Hayden,A Singh,0,0,0,0,[],0,Not Out,None,9,0,141,132.0,110,Chennai Super Kings,1,2,7,6,4,0.0,0.0,0,1,2009,0,0,1,2,6
392217,2009-05-09,De Beers Diamond Oval,Rajasthan Royals,Chennai Super Kings,2,2,5,M Vijay,ML Hayden,A Singh,0,0,0,0,[],0,Not Out,None,9,0,141,132.0,109,Chennai Super Kings,1,2,7,7,4,0.0,0.0,0,1,2009,0,0,1,2,7
392217,2009-05-09,De Beers Diamond Oval,Rajasthan Royals,Chennai Super Kings,2,2,6,M Vijay,ML Hayden,A Singh,1,0,1,0,[],0,Not Out,None,10,0,141,131.0,108,Chennai Super Kings,1,3,7,8,4,0.0,0.0,1,1,2009,0,0,0,3,8
392217,2009-05-09,De Beers Diamond Oval,Rajasthan Royals,Chennai Super Kings,2,3,1,M Vijay,ML Hayden,SK Trivedi,0,1,1,1,['wides'],0,Not Out,None,11,0,141,130.0,108,Chennai Super Kings,1,3,7,8,4,0.0,0.0,1,0,2009,0,0,0,3,9
392217,2009-05-09,De Beers Diamond Oval,Rajasthan Royals,Chennai Super Kings,2,3,1,M Vijay,ML Hayden,SK Trivedi,0,0,0,0,[],0,Not Out,None,11,0,141,130.0,107,Chennai Super Kings,1,3,7,9,4,0.0,0.0,0,1,2009,0,0,1,3,10
392217,2009-05-09,De Beers Diamond Oval,Rajasthan Royals,Chennai Super Kings,2,3,2,M Vijay,ML Hayden,SK Trivedi,6,0,6,0,[],0,Not Out,None,17,0,141,124.0,106,Chennai Super Kings,1,9,7,10,4,0.0,0.0,6,1,2009,1,0,0,9,11
392217,2009-05-09,De Beers Diamond Oval,Rajasthan Royals,Chennai Super Kings,2,3,3,M Vijay,ML Hayden,SK Trivedi,1,0,1,0,[],0,Not Out,None,18,0,141,123.0,105,Chennai Super Kings,1,10,7,11,4,0.0,0.0,1,1,2009,0,0,0,10,12
392217,2009-05-09,De Beers Diamond Oval,Rajasthan Royals,Chennai Super Kings,2,3,4,Ml Hayden,M Vijay,SK Trivedi,0,0,0,0,[],0,Not Out,None,18,0,141,123.0,104,Chennai Super Kings,1,7,10,5,11,0.0,0.0,0,1,2009,0,0,1,7,5
392217,2009-05-09,De Beers Diamond Oval,Rajasthan Royals,Chennai Super Kings,2,3,5,Ml Hayden,M Vijay,SK Trivedi,1,0,1,0,[],0,Not Out,None,19,0,141,122.0,103,Chennai Super Kings,1,8,10,6,11,0.0,0.0,1,1,2009,0,0,0,8,6
392217,2009-05-09,De Beers Diamond Oval,Rajasthan Royals,Chennai Super Kings,2,3,6,M Vijay,ML Hayden,SK Trivedi,0,0,0,0,[],1,lbw,M Vijay,19,1,141,122.0,102,Chennai Super Kings,1,0,8,0,6,10.0,12.0,0,1,2009,0,1,1,10,13
392217,2009-05-09,De Beers Diamond Oval,Rajasthan Royals,Chennai Super Kings,2,4,1,Ml Hayden,SK Raina,YK Pathan,0,0,0,0,[],0,Not Out,None,19,1,141,122.0,101,Chennai Super Kings,1,8,0,7,0,0.0,0.0,0,1,2009,0,0,1,8,7
392217,2009-05-09,De Beers Diamond Oval,Rajasthan Royals,Chennai Super Kings,2,4,2,Ml Hayden,SK Raina,YK Pathan,0,0,0,0,[],0,Not Out,None,19,1,141,122.0,100,Chennai Super Kings,1,8,0,8,0,0.0,0.0,0,1,2009,0,0,1,8,8
392217,2009-05-09,De Beers Diamond Oval,Rajasthan Royals,Chennai Super Kings,2,4,3,Ml Hayden,SK Raina,YK Pathan,4,0,4,0,[],0,Not Out,None,23,1,141,118.0,99,Chennai Super Kings,1,12,0,9,0,0.0,0.0,4,1,2009,0,0,0,12,9
392217,2009-05-09,De Beers Diamond Oval,Rajasthan Royals,Chennai Super Kings,2,4,4,Ml Hayden,SK Raina,YK Pathan,0,0,0,0,[],0,Not Out,None,23,1,141,118.0,98,Chennai Super Kings,1,12,0,10,0,0.0,0.0,0,1,2009,0,0,1,12,10
392217,2009-05-09,De Beers Diamond Oval,Rajasthan Royals,Chennai Super Kings,2,4,5,Ml Hayden,SK Raina,YK Pathan,0,0,0,0,[],0,Not Out,None,23,1,141,118.0,97,Chennai Super Kings,1,12,0,11,0,0.0,0.0,0,1,2009,0,0,1,12,11
392217,2009-05-09,De Beers Diamond Oval,Rajasthan Royals,Chennai Super Kings,2,4,6,Ml Hayden,SK Raina,YK Pathan,0,0,0,0,[],0,Not Out,None,23,1,141,118.0,96,Chennai Super Kings,1,12,0,12,0,0.0,0.0,0,1,2009,0,0,1,12,12
392217,2009-05-09,De Beers Diamond Oval,Rajasthan Royals,Chennai Super Kings,2,5,1,Sk Raina,ML Hayden,SM Harwood,0,0,0,0,[],0,Not Out,None,23,1,141,118.0,95,Chennai Super Kings,1,0,12,1,12,0.0,0.0,0,1,2009,0,0,1,0,1
392217,2009-05-09,De Beers Diamond Oval,Rajasthan Royals,Chennai Super Kings,2,5,2,Sk Raina,ML Hayden,SM Harwood,0,1,1,1,['wides'],0,Not Out,None,24,1,141,117.0,95,Chennai Super Kings,1,0,12,0,12,0.0,0.0,1,0,2009,0,0,0,0,2
392217,2009-05-09,De Beers Diamond Oval,Rajasthan Royals,Chennai Super Kings,2,5,2,Sk Raina,ML Hayden,SM Harwood,0,0,0,0,[],0,Not Out,None,24,1,141,117.0,94,Chennai Super Kings,1,0,12,2,12,0.0,0.0,0,1,2009,0,0,1,0,3
392217,2009-05-09,De Beers Diamond Oval,Rajasthan Royals,Chennai Super Kings,2,5,3,Sk Raina,ML Hayden,SM Harwood,0,0,0,0,[],0,Not Out,None,24,1,141,117.0,93,Chennai Super Kings,1,0,12,3,12,0.0,0.0,0,1,2009,0,0,1,0,4
392217,2009-05-09,De Beers Diamond Oval,Rajasthan Royals,Chennai Super Kings,2,5,4,Sk Raina,ML Hayden,SM Harwood,0,0,0,0,[],0,Not Out,None,24,1,141,117.0,92,Chennai Super Kings,1,0,12,4,12,0.0,0.0,0,1,2009,0,0,1,0,5
392217,2009-05-09,De Beers Diamond Oval,Rajasthan Royals,Chennai Super Kings,2,5,5,Sk Raina,ML Hayden,SM Harwood,1,0,1,0,[],0,Not Out,None,25,1,141,116.0,91,Chennai Super Kings,1,1,12,5,12,0.0,0.0,1,1,2009,0,0,0,1,6
392217,2009-05-09,De Beers Diamond Oval,Rajasthan Royals,Chennai Super Kings,2,5,6,Ml Hayden,SK Raina,SM Harwood,0,0,0,0,[],0,Not Out,None,25,1,141,116.0,90,Chennai Super Kings,1,12,1,13,5,0.0,0.0,0,1,2009,0,0,1,12,13
392217,2009-05-09,De Beers Diamond Oval,Rajasthan Royals,Chennai Super Kings,2,6,1,Sk Raina,ML Hayden,A Singh,6,0,6,0,[],0,Not Out,None,31,1,141,110.0,89,Chennai Super Kings,1,7,12,6,13,0.0,0.0,6,1,2009,1,0,0,7,7
392217,2009-05-09,De Beers Diamond Oval,Rajasthan Royals,Chennai Super Kings,2,6,2,Sk Raina,ML Hayden,A Singh,4,0,4,0,[],0,Not Out,None,35,1,141,106.0,88,Chennai Super Kings,1,11,12,7,13,0.0,0.0,4,1,2009,0,0,0,11,8
392217,2009-05-09,De Beers Diamond Oval,Rajasthan Royals,Chennai Super Kings,2,6,3,Sk Raina,ML Hayden,A Singh,0,0,0,0,[],0,Not Out,None,35,1,141,106.0,87,Chennai Super Kings,1,11,12,8,13,0.0,0.0,0,1,2009,0,0,1,11,9
392217,2009-05-09,De Beers Diamond Oval,Rajasthan Royals,Chennai Super Kings,2,6,4,Sk Raina,ML Hayden,A Singh,0,0,0,0,[],0,Not Out,None,35,1,141,106.0,86,Chennai Super Kings,1,11,12,9,13,0.0,0.0,0,1,2009,0,0,1,11,10
392217,2009-05-09,De Beers Diamond Oval,Rajasthan Royals,Chennai Super Kings,2,6,5,Sk Raina,ML Hayden,A Singh,2,0,2,0,[],0,Not Out,None,37,1,141,104.0,85,Chennai Super Kings,1,13,12,10,13,0.0,0.0,2,1,2009,0,0,0,13,11
392217,2009-05-09,De Beers Diamond Oval,Rajasthan Royals,Chennai Super Kings,2,6,6,Sk Raina,ML Hayden,A Singh,0,0,0,0,[],1,caught,SK Raina,37,2,141,104.0,84,Chennai Super Kings,1,0,12,0,13,13.0,11.0,0,1,2009,0,1,1,13,12
392217,2009-05-09,De Beers Diamond Oval,Rajasthan Royals,Chennai Super Kings,2,7,1,S Badrinath,ML Hayden,SK Warne,0,0,0,0,[],0,Not Out,None,37,2,141,104.0,83,Chennai Super Kings,1,0,12,1,13,0.0,0.0,0,1,2009,0,0,1,0,1
392217,2009-05-09,De Beers Diamond Oval,Rajasthan Royals,Chennai Super Kings,2,7,2,S Badrinath,ML Hayden,SK Warne,0,0,0,0,[],0,Not Out,None,37,2,141,104.0,82,Chennai Super Kings,1,0,12,2,13,0.0,0.0,0,1,2009,0,0,1,0,2
392217,2009-05-09,De Beers Diamond Oval,Rajasthan Royals,Chennai Super Kings,2,7,3,S Badrinath,ML Hayden,SK Warne,0,0,0,0,[],0,Not Out,None,37,2,141,104.0,81,Chennai Super Kings,1,0,12,3,13,0.0,0.0,0,1,2009,0,0,1,0,3
392217,2009-05-09,De Beers Diamond Oval,Rajasthan Royals,Chennai Super Kings,2,7,4,S Badrinath,ML Hayden,SK Warne,0,0,0,0,[],0,Not Out,None,37,2,141,104.0,80,Chennai Super Kings,1,0,12,4,13,0.0,0.0,0,1,2009,0,0,1,0,4
392217,2009-05-09,De Beers Diamond Oval,Rajasthan Royals,Chennai Super Kings,2,7,5,S Badrinath,ML Hayden,SK Warne,0,3,3,1,['wides'],0,Not Out,None,40,2,141,101.0,80,Chennai Super Kings,1,0,12,4,13,0.0,0.0,3,0,2009,0,0,0,0,5
392217,2009-05-09,De Beers Diamond Oval,Rajasthan Royals,Chennai Super Kings,2,7,5,S Badrinath,ML Hayden,SK Warne,0,0,0,0,[],0,Not Out,None,40,2,141,101.0,79,Chennai Super Kings,1,0,12,5,13,0.0,0.0,0,1,2009,0,0,1,0,6
392217,2009-05-09,De Beers Diamond Oval,Rajasthan Royals,Chennai Super Kings,2,7,6,S Badrinath,ML Hayden,SK Warne,0,0,0,0,[],0,Not Out,None,40,2,141,101.0,78,Chennai Super Kings,1,0,12,6,13,0.0,0.0,0,1,2009,0,0,1,0,7
392217,2009-05-09,De Beers Diamond Oval,Rajasthan Royals,Chennai Super Kings,2,8,1,Ml Hayden,S Badrinath,YK Pathan,1,0,1,0,[],0,Not Out,None,41,2,141,100.0,77,Chennai Super Kings,1,13,0,14,6,0.0,0.0,1,1,2009,0,0,0,13,14
392217,2009-05-09,De Beers Diamond Oval,Rajasthan Royals,Chennai Super Kings,2,8,2,S Badrinath,ML Hayden,YK Pathan,0,0,0,0,[],0,Not Out,None,41,2,141,100.0,76,Chennai Super Kings,1,0,13,7,14,0.0,0.0,0,1,2009,0,0,1,0,8
392217,2009-05-09,De Beers Diamond Oval,Rajasthan Royals,Chennai Super Kings,2,8,3,S Badrinath,ML Hayden,YK Pathan,0,0,0,0,[],0,Not Out,None,41,2,141,100.0,75,Chennai Super Kings,1,0,13,8,14,0.0,0.0,0,1,2009,0,0,1,0,9
392217,2009-05-09,De Beers Diamond Oval,Rajasthan Royals,Chennai Super Kings,2,8,4,S Badrinath,ML Hayden,YK Pathan,4,0,4,0,[],0,Not Out,None,45,2,141,96.0,74,Chennai Super Kings,1,4,13,9,14,0.0,0.0,4,1,2009,0,0,0,4,10
392217,2009-05-09,De Beers Diamond Oval,Rajasthan Royals,Chennai Super Kings,2,8,5,S Badrinath,ML Hayden,YK Pathan,1,0,1,0,[],0,Not Out,None,46,2,141,95.0,73,Chennai Super Kings,1,5,13,10,14,0.0,0.0,1,1,2009,0,0,0,5,11
392217,2009-05-09,De Beers Diamond Oval,Rajasthan Royals,Chennai Super Kings,2,8,6,Ml Hayden,S Badrinath,YK Pathan,3,0,3,0,[],0,Not Out,None,49,2,141,92.0,72,Chennai Super Kings,1,16,5,15,10,0.0,0.0,3,1,2009,0,0,0,16,15
392217,2009-05-09,De Beers Diamond Oval,Rajasthan Royals,Chennai Super Kings,2,9,1,Ml Hayden,S Badrinath,SK Warne,0,1,1,1,['wides'],0,Not Out,None,50,2,141,91.0,72,Chennai Super Kings,1,16,5,15,10,0.0,0.0,1,0,2009,0,0,0,16,16
392217,2009-05-09,De Beers Diamond Oval,Rajasthan Royals,Chennai Super Kings,2,9,1,Ml Hayden,S Badrinath,SK Warne,4,0,4,0,[],0,Not Out,None,54,2,141,87.0,71,Chennai Super Kings,1,20,5,16,10,0.0,0.0,4,1,2009,0,0,0,20,17
392217,2009-05-09,De Beers Diamond Oval,Rajasthan Royals,Chennai Super Kings,2,9,2,Ml Hayden,S Badrinath,SK Warne,0,0,0,0,[],0,Not Out,None,54,2,141,87.0,70,Chennai Super Kings,1,20,5,17,10,0.0,0.0,0,1,2009,0,0,1,20,18
392217,2009-05-09,De Beers Diamond Oval,Rajasthan Royals,Chennai Super Kings,2,9,3,Ml Hayden,S Badrinath,SK Warne,0,0,0,0,[],0,Not Out,None,54,2,141,87.0,69,Chennai Super Kings,1,20,5,18,10,0.0,0.0,0,1,2009,0,0,1,20,19
392217,2009-05-09,De Beers Diamond Oval,Rajasthan Royals,Chennai Super Kings,2,9,4,Ml Hayden,S Badrinath,SK Warne,6,0,6,0,[],0,Not Out,None,60,2,141,81.0,68,Chennai Super Kings,1,26,5,19,10,0.0,0.0,6,1,2009,1,0,0,26,20
392217,2009-05-09,De Beers Diamond Oval,Rajasthan Royals,Chennai Super Kings,2,9,5,Ml Hayden,S Badrinath,SK Warne,1,0,1,0,[],0,Not Out,None,61,2,141,80.0,67,Chennai Super Kings,1,27,5,20,10,0.0,0.0,1,1,2009,0,0,0,27,21
392217,2009-05-09,De Beers Diamond Oval,Rajasthan Royals,Chennai Super Kings,2,9,6,S Badrinath,ML Hayden,SK Warne,0,0,0,0,[],0,Not Out,None,61,2,141,80.0,66,Chennai Super Kings,1,5,27,11,20,0.0,0.0,0,1,2009,0,0,1,5,12
392217,2009-05-09,De Beers Diamond Oval,Rajasthan Royals,Chennai Super Kings,2,10,1,Ml Hayden,S Badrinath,YK Pathan,1,0,1,0,[],0,Not Out,None,62,2,141,79.0,65,Chennai Super Kings,1,28,5,21,11,0.0,0.0,1,1,2009,0,0,0,28,22
392217,2009-05-09,De Beers Diamond Oval,Rajasthan Royals,Chennai Super Kings,2,10,2,S Badrinath,ML Hayden,YK Pathan,1,0,1,0,[],0,Not Out,None,63,2,141,78.0,64,Chennai Super Kings,1,6,28,12,21,0.0,0.0,1,1,2009,0,0,0,6,13
392217,2009-05-09,De Beers Diamond Oval,Rajasthan Royals,Chennai Super Kings,2,10,3,Ml Hayden,S Badrinath,YK Pathan,0,0,0,0,[],0,Not Out,None,63,2,141,78.0,63,Chennai Super Kings,1,28,6,22,12,0.0,0.0,0,1,2009,0,0,1,28,23
392217,2009-05-09,De Beers Diamond Oval,Rajasthan Royals,Chennai Super Kings,2,10,4,Ml Hayden,S Badrinath,YK Pathan,1,0,1,0,[],0,Not Out,None,64,2,141,77.0,62,Chennai Super Kings,1,29,6,23,12,0.0,0.0,1,1,2009,0,0,0,29,24
392217,2009-05-09,De Beers Diamond Oval,Rajasthan Royals,Chennai Super Kings,2,10,5,S Badrinath,ML Hayden,YK Pathan,0,1,1,1,['wides'],0,Not Out,None,65,2,141,76.0,62,Chennai Super Kings,1,6,29,13,23,0.0,0.0,1,0,2009,0,0,0,6,14
392217,2009-05-09,De Beers Diamond Oval,Rajasthan Royals,Chennai Super Kings,2,10,5,S Badrinath,ML Hayden,YK Pathan,1,0,1,0,[],0,Not Out,None,66,2,141,75.0,61,Chennai Super Kings,1,7,29,14,23,0.0,0.0,1,1,2009,0,0,0,7,15
392217,2009-05-09,De Beers Diamond Oval,Rajasthan Royals,Chennai Super Kings,2,10,6,Ml Hayden,S Badrinath,YK Pathan,1,0,1,0,[],0,Not Out,None,67,2,141,74.0,60,Chennai Super Kings,1,30,7,24,14,0.0,0.0,1,1,2009,0,0,0,30,25
392217,2009-05-09,De Beers Diamond Oval,Rajasthan Royals,Chennai Super Kings,2,11,1,Ml Hayden,S Badrinath,SK Warne,0,0,0,0,[],0,Not Out,None,67,2,141,74.0,59,Chennai Super Kings,1,30,7,25,14,0.0,0.0,0,1,2009,0,0,1,30,26
392217,2009-05-09,De Beers Diamond Oval,Rajasthan Royals,Chennai Super Kings,2,11,2,Ml Hayden,S Badrinath,SK Warne,1,0,1,0,[],0,Not Out,None,68,2,141,73.0,58,Chennai Super Kings,1,31,7,26,14,0.0,0.0,1,1,2009,0,0,0,31,27
392217,2009-05-09,De Beers Diamond Oval,Rajasthan Royals,Chennai Super Kings,2,11,3,S Badrinath,ML Hayden,SK Warne,1,0,1,0,[],0,Not Out,None,69,2,141,72.0,57,Chennai Super Kings,1,8,31,15,26,0.0,0.0,1,1,2009,0,0,0,8,16
392217,2009-05-09,De Beers Diamond Oval,Rajasthan Royals,Chennai Super Kings,2,11,4,Ml Hayden,S Badrinath,SK Warne,0,0,0,0,[],0,Not Out,None,69,2,141,72.0,56,Chennai Super Kings,1,31,8,27,15,0.0,0.0,0,1,2009,0,0,1,31,28
392217,2009-05-09,De Beers Diamond Oval,Rajasthan Royals,Chennai Super Kings,2,11,5,Ml Hayden,S Badrinath,SK Warne,1,0,1,0,[],0,Not Out,None,70,2,141,71.0,55,Chennai Super Kings,1,32,8,28,15,0.0,0.0,1,1,2009,0,0,0,32,29
392217,2009-05-09,De Beers Diamond Oval,Rajasthan Royals,Chennai Super Kings,2,11,6,S Badrinath,ML Hayden,SK Warne,0,0,0,0,[],0,Not Out,None,70,2,141,71.0,54,Chennai Super Kings,1,8,32,16,28,0.0,0.0,0,1,2009,0,0,1,8,17
392217,2009-05-09,De Beers Diamond Oval,Rajasthan Royals,Chennai Super Kings,2,12,1,Ml Hayden,S Badrinath,SK Trivedi,1,0,1,0,[],0,Not Out,None,71,2,141,70.0,53,Chennai Super Kings,1,33,8,29,16,0.0,0.0,1,1,2009,0,0,0,33,30
392217,2009-05-09,De Beers Diamond Oval,Rajasthan Royals,Chennai Super Kings,2,12,2,S Badrinath,ML Hayden,SK Trivedi,4,0,4,0,[],0,Not Out,None,75,2,141,66.0,52,Chennai Super Kings,1,12,33,17,29,0.0,0.0,4,1,2009,0,0,0,12,18
392217,2009-05-09,De Beers Diamond Oval,Rajasthan Royals,Chennai Super Kings,2,12,3,S Badrinath,ML Hayden,SK Trivedi,1,0,1,0,[],0,Not Out,None,76,2,141,65.0,51,Chennai Super Kings,1,13,33,18,29,0.0,0.0,1,1,2009,0,0,0,13,19
392217,2009-05-09,De Beers Diamond Oval,Rajasthan Royals,Chennai Super Kings,2,12,4,Ml Hayden,S Badrinath,SK Trivedi,1,0,1,0,[],0,Not Out,None,77,2,141,64.0,50,Chennai Super Kings,1,34,13,30,18,0.0,0.0,1,1,2009,0,0,0,34,31
392217,2009-05-09,De Beers Diamond Oval,Rajasthan Royals,Chennai Super Kings,2,12,5,S Badrinath,ML Hayden,SK Trivedi,0,0,0,0,[],0,Not Out,None,77,2,141,64.0,49,Chennai Super Kings,1,13,34,19,30,0.0,0.0,0,1,2009,0,0,1,13,20
392217,2009-05-09,De Beers Diamond Oval,Rajasthan Royals,Chennai Super Kings,2,12,6,S Badrinath,ML Hayden,SK Trivedi,0,0,0,0,[],0,Not Out,None,77,2,141,64.0,48,Chennai Super Kings,1,13,34,20,30,0.0,0.0,0,1,2009,0,0,1,13,21
392217,2009-05-09,De Beers Diamond Oval,Rajasthan Royals,Chennai Super Kings,2,13,1,Ml Hayden,S Badrinath,RA Jadeja,0,0,0,0,[],0,Not Out,None,77,2,141,64.0,47,Chennai Super Kings,1,34,13,31,20,0.0,0.0,0,1,2009,0,0,1,34,32
392217,2009-05-09,De Beers Diamond Oval,Rajasthan Royals,Chennai Super Kings,2,13,2,Ml Hayden,S Badrinath,RA Jadeja,0,1,1,0,['legbyes'],0,Not Out,None,78,2,141,63.0,46,Chennai Super Kings,1,34,13,32,20,0.0,0.0,0,1,2009,0,0,0,34,33
392217,2009-05-09,De Beers Diamond Oval,Rajasthan Royals,Chennai Super Kings,2,13,3,S Badrinath,ML Hayden,RA Jadeja,1,0,1,0,[],0,Not Out,None,79,2,141,62.0,45,Chennai Super Kings,1,14,34,21,32,0.0,0.0,1,1,2009,0,0,0,14,22
392217,2009-05-09,De Beers Diamond Oval,Rajasthan Royals,Chennai Super Kings,2,13,4,Ml Hayden,S Badrinath,RA Jadeja,0,0,0,0,[],0,Not Out,None,79,2,141,62.0,44,Chennai Super Kings,1,34,14,33,21,0.0,0.0,0,1,2009,0,0,1,34,34
392217,2009-05-09,De Beers Diamond Oval,Rajasthan Royals,Chennai Super Kings,2,13,5,Ml Hayden,S Badrinath,RA Jadeja,0,0,0,0,[],0,Not Out,None,79,2,141,62.0,43,Chennai Super Kings,1,34,14,34,21,0.0,0.0,0,1,2009,0,0,1,34,35
392217,2009-05-09,De Beers Diamond Oval,Rajasthan Royals,Chennai Super Kings,2,13,6,Ml Hayden,S Badrinath,RA Jadeja,1,0,1,0,[],0,Not Out,None,80,2,141,61.0,42,Chennai Super Kings,1,35,14,35,21,0.0,0.0,1,1,2009,0,0,0,35,36
392217,2009-05-09,De Beers Diamond Oval,Rajasthan Royals,Chennai Super Kings,2,14,1,Ml Hayden,S Badrinath,SK Trivedi,1,0,1,0,[],0,Not Out,None,81,2,141,60.0,41,Chennai Super Kings,1,36,14,36,21,0.0,0.0,1,1,2009,0,0,0,36,37
392217,2009-05-09,De Beers Diamond Oval,Rajasthan Royals,Chennai Super Kings,2,14,2,S Badrinath,ML Hayden,SK Trivedi,4,0,4,0,[],0,Not Out,None,85,2,141,56.0,40,Chennai Super Kings,1,18,36,22,36,0.0,0.0,4,1,2009,0,0,0,18,23
392217,2009-05-09,De Beers Diamond Oval,Rajasthan Royals,Chennai Super Kings,2,14,3,S Badrinath,ML Hayden,SK Trivedi,0,0,0,0,[],0,Not Out,None,85,2,141,56.0,39,Chennai Super Kings,1,18,36,23,36,0.0,0.0,0,1,2009,0,0,1,18,24
392217,2009-05-09,De Beers Diamond Oval,Rajasthan Royals,Chennai Super Kings,2,14,4,S Badrinath,ML Hayden,SK Trivedi,1,0,1,0,[],0,Not Out,None,86,2,141,55.0,38,Chennai Super Kings,1,19,36,24,36,0.0,0.0,1,1,2009,0,0,0,19,25
392217,2009-05-09,De Beers Diamond Oval,Rajasthan Royals,Chennai Super Kings,2,14,5,Ml Hayden,S Badrinath,SK Trivedi,1,0,1,0,[],0,Not Out,None,87,2,141,54.0,37,Chennai Super Kings,1,37,19,37,24,0.0,0.0,1,1,2009,0,0,0,37,38
392217,2009-05-09,De Beers Diamond Oval,Rajasthan Royals,Chennai Super Kings,2,14,6,S Badrinath,ML Hayden,SK Trivedi,0,0,0,0,[],0,Not Out,None,87,2,141,54.0,36,Chennai Super Kings,1,19,37,25,37,0.0,0.0,0,1,2009,0,0,1,19,26
392217,2009-05-09,De Beers Diamond Oval,Rajasthan Royals,Chennai Super Kings,2,15,1,Ml Hayden,S Badrinath,RA Jadeja,0,0,0,0,[],0,Not Out,None,87,2,141,54.0,35,Chennai Super Kings,1,37,19,38,25,0.0,0.0,0,1,2009,0,0,1,37,39
392217,2009-05-09,De Beers Diamond Oval,Rajasthan Royals,Chennai Super Kings,2,15,2,Ml Hayden,S Badrinath,RA Jadeja,0,1,1,0,['legbyes'],0,Not Out,None,88,2,141,53.0,34,Chennai Super Kings,1,37,19,39,25,0.0,0.0,0,1,2009,0,0,0,37,40
392217,2009-05-09,De Beers Diamond Oval,Rajasthan Royals,Chennai Super Kings,2,15,3,S Badrinath,ML Hayden,RA Jadeja,1,0,1,0,[],0,Not Out,None,89,2,141,52.0,33,Chennai Super Kings,1,20,37,26,39,0.0,0.0,1,1,2009,0,0,0,20,27
392217,2009-05-09,De Beers Diamond Oval,Rajasthan Royals,Chennai Super Kings,2,15,4,Ml Hayden,S Badrinath,RA Jadeja,2,0,2,0,[],0,Not Out,None,91,2,141,50.0,32,Chennai Super Kings,1,39,20,40,26,0.0,0.0,2,1,2009,0,0,0,39,41
392217,2009-05-09,De Beers Diamond Oval,Rajasthan Royals,Chennai Super Kings,2,15,5,Ml Hayden,S Badrinath,RA Jadeja,4,0,4,0,[],0,Not Out,None,95,2,141,46.0,31,Chennai Super Kings,1,43,20,41,26,0.0,0.0,4,1,2009,0,0,0,43,42
392217,2009-05-09,De Beers Diamond Oval,Rajasthan Royals,Chennai Super Kings,2,15,6,Ml Hayden,S Badrinath,RA Jadeja,2,0,2,0,[],0,Not Out,None,97,2,141,44.0,30,Chennai Super Kings,1,45,20,42,26,0.0,0.0,2,1,2009,0,0,0,45,43
392217,2009-05-09,De Beers Diamond Oval,Rajasthan Royals,Chennai Super Kings,2,16,1,S Badrinath,ML Hayden,SM Harwood,6,0,6,0,[],0,Not Out,None,103,2,141,38.0,29,Chennai Super Kings,1,26,45,27,42,0.0,0.0,6,1,2009,1,0,0,26,28
392217,2009-05-09,De Beers Diamond Oval,Rajasthan Royals,Chennai Super Kings,2,16,2,S Badrinath,ML Hayden,SM Harwood,2,0,2,0,[],0,Not Out,None,105,2,141,36.0,28,Chennai Super Kings,1,28,45,28,42,0.0,0.0,2,1,2009,0,0,0,28,29
392217,2009-05-09,De Beers Diamond Oval,Rajasthan Royals,Chennai Super Kings,2,16,3,S Badrinath,ML Hayden,SM Harwood,4,0,4,0,[],0,Not Out,None,109,2,141,32.0,27,Chennai Super Kings,1,32,45,29,42,0.0,0.0,4,1,2009,0,0,0,32,30
392217,2009-05-09,De Beers Diamond Oval,Rajasthan Royals,Chennai Super Kings,2,16,4,S Badrinath,ML Hayden,SM Harwood,4,0,4,0,[],0,Not Out,None,113,2,141,28.0,26,Chennai Super Kings,1,36,45,30,42,0.0,0.0,4,1,2009,0,0,0,36,31
392217,2009-05-09,De Beers Diamond Oval,Rajasthan Royals,Chennai Super Kings,2,16,5,S Badrinath,ML Hayden,SM Harwood,0,0,0,0,[],0,Not Out,None,113,2,141,28.0,25,Chennai Super Kings,1,36,45,31,42,0.0,0.0,0,1,2009,0,0,1,36,32
392217,2009-05-09,De Beers Diamond Oval,Rajasthan Royals,Chennai Super Kings,2,16,6,S Badrinath,ML Hayden,SM Harwood,4,0,4,0,[],0,Not Out,None,117,2,141,24.0,24,Chennai Super Kings,1,40,45,32,42,0.0,0.0,4,1,2009,0,0,0,40,33
392217,2009-05-09,De Beers Diamond Oval,Rajasthan Royals,Chennai Super Kings,2,17,1,Ml Hayden,S Badrinath,SK Warne,2,0,2,0,[],0,Not Out,None,119,2,141,22.0,23,Chennai Super Kings,1,47,40,43,32,0.0,0.0,2,1,2009,0,0,0,47,44
392217,2009-05-09,De Beers Diamond Oval,Rajasthan Royals,Chennai Super Kings,2,17,2,Ml Hayden,S Badrinath,SK Warne,1,0,1,0,[],0,Not Out,None,120,2,141,21.0,22,Chennai Super Kings,1,48,40,44,32,0.0,0.0,1,1,2009,0,0,0,48,45
392217,2009-05-09,De Beers Diamond Oval,Rajasthan Royals,Chennai Super Kings,2,17,3,S Badrinath,ML Hayden,SK Warne,4,0,4,0,[],0,Not Out,None,124,2,141,17.0,21,Chennai Super Kings,1,44,48,33,44,0.0,0.0,4,1,2009,0,0,0,44,34
392217,2009-05-09,De Beers Diamond Oval,Rajasthan Royals,Chennai Super Kings,2,17,4,S Badrinath,ML Hayden,SK Warne,0,0,0,0,[],0,Not Out,None,124,2,141,17.0,20,Chennai Super Kings,1,44,48,34,44,0.0,0.0,0,1,2009,0,0,1,44,35
392217,2009-05-09,De Beers Diamond Oval,Rajasthan Royals,Chennai Super Kings,2,17,5,S Badrinath,ML Hayden,SK Warne,1,0,1,0,[],0,Not Out,None,125,2,141,16.0,19,Chennai Super Kings,1,45,48,35,44,0.0,0.0,1,1,2009,0,0,0,45,36
392217,2009-05-09,De Beers Diamond Oval,Rajasthan Royals,Chennai Super Kings,2,17,6,Ml Hayden,S Badrinath,SK Warne,0,1,1,1,['wides'],1,stumped,ML Hayden,126,3,141,15.0,19,Chennai Super Kings,1,0,45,0,35,48.0,45.0,1,0,2009,0,1,0,48,46
392217,2009-05-09,De Beers Diamond Oval,Rajasthan Royals,Chennai Super Kings,2,17,6,Jdp Oram,S Badrinath,SK Warne,0,0,0,0,[],0,Not Out,None,126,3,141,15.0,18,Chennai Super Kings,1,0,45,1,35,0.0,0.0,0,1,2009,0,0,1,0,1
392217,2009-05-09,De Beers Diamond Oval,Rajasthan Royals,Chennai Super Kings,2,18,1,S Badrinath,JDP Oram,A Singh,0,0,0,0,[],0,Not Out,None,126,3,141,15.0,17,Chennai Super Kings,1,45,0,36,1,0.0,0.0,0,1,2009,0,0,1,45,37
392217,2009-05-09,De Beers Diamond Oval,Rajasthan Royals,Chennai Super Kings,2,18,2,S Badrinath,JDP Oram,A Singh,2,0,2,0,[],0,Not Out,None,128,3,141,13.0,16,Chennai Super Kings,1,47,0,37,1,0.0,0.0,2,1,2009,0,0,0,47,38
392217,2009-05-09,De Beers Diamond Oval,Rajasthan Royals,Chennai Super Kings,2,18,3,S Badrinath,JDP Oram,A Singh,2,0,2,0,[],0,Not Out,None,130,3,141,11.0,15,Chennai Super Kings,1,49,0,38,1,0.0,0.0,2,1,2009,0,0,0,49,39
392217,2009-05-09,De Beers Diamond Oval,Rajasthan Royals,Chennai Super Kings,2,18,4,S Badrinath,JDP Oram,A Singh,4,0,4,0,[],0,Not Out,None,134,3,141,7.0,14,Chennai Super Kings,1,53,0,39,1,0.0,0.0,4,1,2009,0,0,0,53,40
392217,2009-05-09,De Beers Diamond Oval,Rajasthan Royals,Chennai Super Kings,2,18,5,S Badrinath,JDP Oram,A Singh,0,0,0,0,[],0,Not Out,None,134,3,141,7.0,13,Chennai Super Kings,1,53,0,40,1,0.0,0.0,0,1,2009,0,0,1,53,41
392217,2009-05-09,De Beers Diamond Oval,Rajasthan Royals,Chennai Super Kings,2,18,6,S Badrinath,JDP Oram,A Singh,4,0,4,0,[],0,Not Out,None,138,3,141,3.0,12,Chennai Super Kings,1,57,0,41,1,0.0,0.0,4,1,2009,0,0,0,57,42
392217,2009-05-09,De Beers Diamond Oval,Rajasthan Royals,Chennai Super Kings,2,19,1,Jdp Oram,S Badrinath,RA Jadeja,1,0,1,0,[],0,Not Out,None,139,3,141,2.0,11,Chennai Super Kings,1,1,57,2,41,0.0,0.0,1,1,2009,0,0,0,1,2
392217,2009-05-09,De Beers Diamond Oval,Rajasthan Royals,Chennai Super Kings,2,19,2,S Badrinath,JDP Oram,RA Jadeja,2,0,2,0,[],0,Not Out,None,141,3,141,0.0,10,Chennai Super Kings,1,59,1,42,2,0.0,0.0,2,1,2009,0,0,0,59,43
1254112,2021-10-02,Sharjah Cricket Stadium,Mumbai Indians,Delhi Capitals,1,1,1,Rg Sharma,Q de Kock,A Nortje,4,0,4,0,[],0,Not Out,None,4,0,130,0.0,119,Delhi Capitals,1,4,0,1,0,0.0,0.0,4,1,2021,0,0,0,4,1
1254112,2021-10-02,Sharjah Cricket Stadium,Mumbai Indians,Delhi Capitals,1,1,2,Rg Sharma,Q de Kock,A Nortje,0,0,0,0,[],0,Not Out,None,4,0,130,0.0,118,Delhi Capitals,1,4,0,2,0,0.0,0.0,0,1,2021,0,0,1,4,2
1254112,2021-10-02,Sharjah Cricket Stadium,Mumbai Indians,Delhi Capitals,1,1,3,Rg Sharma,Q de Kock,A Nortje,0,0,0,0,[],0,Not Out,None,4,0,130,0.0,117,Delhi Capitals,1,4,0,3,0,0.0,0.0,0,1,2021,0,0,1,4,3
1254112,2021-10-02,Sharjah Cricket Stadium,Mumbai Indians,Delhi Capitals,1,1,4,Rg Sharma,Q de Kock,A Nortje,2,0,2,0,[],0,Not Out,None,6,0,130,0.0,116,Delhi Capitals,1,6,0,4,0,0.0,0.0,2,1,2021,0,0,0,6,4
1254112,2021-10-02,Sharjah Cricket Stadium,Mumbai Indians,Delhi Capitals,1,1,5,Rg Sharma,Q de Kock,A Nortje,1,0,1,0,[],0,Not Out,None,7,0,130,0.0,115,Delhi Capitals,1,7,0,5,0,0.0,0.0,1,1,2021,0,0,0,7,5
1254112,2021-10-02,Sharjah Cricket Stadium,Mumbai Indians,Delhi Capitals,1,1,6,Q De Kock,RG Sharma,A Nortje,0,0,0,0,[],0,Not Out,None,7,0,130,0.0,114,Delhi Capitals,1,0,7,1,5,0.0,0.0,0,1,2021,0,0,1,0,1
1254112,2021-10-02,Sharjah Cricket Stadium,Mumbai Indians,Delhi Capitals,1,2,1,Rg Sharma,Q de Kock,Avesh Khan,0,0,0,0,[],0,Not Out,None,7,0,130,0.0,113,Delhi Capitals,1,7,0,6,1,0.0,0.0,0,1,2021,0,0,1,7,6
1254112,2021-10-02,Sharjah Cricket Stadium,Mumbai Indians,Delhi Capitals,1,2,2,Rg Sharma,Q de Kock,Avesh Khan,0,0,0,0,[],0,Not Out,None,7,0,130,0.0,112,Delhi Capitals,1,7,0,7,1,0.0,0.0,0,1,2021,0,0,1,7,7
1254112,2021-10-02,Sharjah Cricket Stadium,Mumbai Indians,Delhi Capitals,1,2,3,Rg Sharma,Q de Kock,Avesh Khan,0,0,0,0,[],0,Not Out,None,7,0,130,0.0,111,Delhi Capitals,1,7,0,8,1,0.0,0.0,0,1,2021,0,0,1,7,8
1254112,2021-10-02,Sharjah Cricket Stadium,Mumbai Indians,Delhi Capitals,1,2,4,Rg Sharma,Q de Kock,Avesh Khan,0,1,1,1,['wides'],0,Not Out,None,8,0,130,0.0,111,Delhi Capitals,1,7,0,8,1,0.0,0.0,1,0,2021,0,0,0,7,9
1254112,2021-10-02,Sharjah Cricket Stadium,Mumbai Indians,Delhi Capitals,1,2,4,Rg Sharma,Q de Kock,Avesh Khan,0,0,0,0,[],0,Not Out,None,8,0,130,0.0,110,Delhi Capitals,1,7,0,9,1,0.0,0.0,0,1,2021,0,0,1,7,10
1254112,2021-10-02,Sharjah Cricket Stadium,Mumbai Indians,Delhi Capitals,1,2,5,Rg Sharma,Q de Kock,Avesh Khan,0,0,0,0,[],1,caught,RG Sharma,8,1,130,0.0,109,Delhi Capitals,1,0,0,0,1,7.0,10.0,0,1,2021,0,1,1,7,11
1254112,2021-10-02,Sharjah Cricket Stadium,Mumbai Indians,Delhi Capitals,1,2,6,Q De Kock,SA Yadav,Avesh Khan,4,0,4,0,[],0,Not Out,None,12,1,130,0.0,108,Delhi Capitals,1,4,0,2,0,0.0,0.0,4,1,2021,0,0,0,4,2
1254112,2021-10-02,Sharjah Cricket Stadium,Mumbai Indians,Delhi Capitals,1,3,1,Sa Yadav,Q de Kock,R Ashwin,1,0,1,0,[],0,Not Out,None,13,1,130,0.0,107,Delhi Capitals,1,1,4,1,2,0.0,0.0,1,1,2021,0,0,0,1,1
1254112,2021-10-02,Sharjah Cricket Stadium,Mumbai Indians,Delhi Capitals,1,3,2,Q De Kock,SA Yadav,R Ashwin,1,0,1,0,[],0,Not Out,None,14,1,130,0.0,106,Delhi Capitals,1,5,1,3,1,0.0,0.0,1,1,2021,0,0,0,5,3
1254112,2021-10-02,Sharjah Cricket Stadium,Mumbai Indians,Delhi Capitals,1,3,3,Sa Yadav,Q de Kock,R Ashwin,0,0,0,0,[],0,Not Out,None,14,1,130,0.0,105,Delhi Capitals,1,1,5,2,3,0.0,0.0,0,1,2021,0,0,1,1,2
1254112,2021-10-02,Sharjah Cricket Stadium,Mumbai Indians,Delhi Capitals,1,3,4,Sa Yadav,Q de Kock,R Ashwin,6,0,6,0,[],0,Not Out,None,20,1,130,0.0,104,Delhi Capitals,1,7,5,3,3,0.0,0.0,6,1,2021,1,0,0,7,3
1254112,2021-10-02,Sharjah Cricket Stadium,Mumbai Indians,Delhi Capitals,1,3,5,Sa Yadav,Q de Kock,R Ashwin,1,0,1,0,[],0,Not Out,None,21,1,130,0.0,103,Delhi Capitals,1,8,5,4,3,0.0,0.0,1,1,2021,0,0,0,8,4
1254112,2021-10-02,Sharjah Cricket Stadium,Mumbai Indians,Delhi Capitals,1,3,6,Q De Kock,SA Yadav,R Ashwin,0,0,0,0,[],0,Not Out,None,21,1,130,0.0,102,Delhi Capitals,1,5,8,4,4,0.0,0.0,0,1,2021,0,0,1,5,4
1254112,2021-10-02,Sharjah Cricket Stadium,Mumbai Indians,Delhi Capitals,1,4,1,Sa Yadav,Q de Kock,Avesh Khan,0,0,0,0,[],0,Not Out,None,21,1,130,0.0,101,Delhi Capitals,1,8,5,5,4,0.0,0.0,0,1,2021,0,0,1,8,5
1254112,2021-10-02,Sharjah Cricket Stadium,Mumbai Indians,Delhi Capitals,1,4,2,Sa Yadav,Q de Kock,Avesh Khan,0,0,0,0,[],0,Not Out,None,21,1,130,0.0,100,Delhi Capitals,1,8,5,6,4,0.0,0.0,0,1,2021,0,0,1,8,6
1254112,2021-10-02,Sharjah Cricket Stadium,Mumbai Indians,Delhi Capitals,1,4,3,Sa Yadav,Q de Kock,Avesh Khan,0,0,0,0,[],0,Not Out,None,21,1,130,0.0,99,Delhi Capitals,1,8,5,7,4,0.0,0.0,0,1,2021,0,0,1,8,7
1254112,2021-10-02,Sharjah Cricket Stadium,Mumbai Indians,Delhi Capitals,1,4,4,Sa Yadav,Q de Kock,Avesh Khan,1,0,1,0,[],0,Not Out,None,22,1,130,0.0,98,Delhi Capitals,1,9,5,8,4,0.0,0.0,1,1,2021,0,0,0,9,8
1254112,2021-10-02,Sharjah Cricket Stadium,Mumbai Indians,Delhi Capitals,1,4,5,Q De Kock,SA Yadav,Avesh Khan,0,0,0,0,[],0,Not Out,None,22,1,130,0.0,97,Delhi Capitals,1,5,9,5,8,0.0,0.0,0,1,2021,0,0,1,5,5
1254112,2021-10-02,Sharjah Cricket Stadium,Mumbai Indians,Delhi Capitals,1,4,6,Q De Kock,SA Yadav,Avesh Khan,1,0,1,0,[],0,Not Out,None,23,1,130,0.0,96,Delhi Capitals,1,6,9,6,8,0.0,0.0,1,1,2021,0,0,0,6,6
1254112,2021-10-02,Sharjah Cricket Stadium,Mumbai Indians,Delhi Capitals,1,5,1,Q De Kock,SA Yadav,K Rabada,6,0,6,0,[],0,Not Out,None,29,1,130,0.0,95,Delhi Capitals,1,12,9,7,8,0.0,0.0,6,1,2021,1,0,0,12,7
1254112,2021-10-02,Sharjah Cricket Stadium,Mumbai Indians,Delhi Capitals,1,5,2,Q De Kock,SA Yadav,K Rabada,0,0,0,0,[],0,Not Out,None,29,1,130,0.0,94,Delhi Capitals,1,12,9,8,8,0.0,0.0,0,1,2021,0,0,1,12,8
1254112,2021-10-02,Sharjah Cricket Stadium,Mumbai Indians,Delhi Capitals,1,5,3,Q De Kock,SA Yadav,K Rabada,2,0,2,0,[],0,Not Out,None,31,1,130,0.0,93,Delhi Capitals,1,14,9,9,8,0.0,0.0,2,1,2021,0,0,0,14,9
1254112,2021-10-02,Sharjah Cricket Stadium,Mumbai Indians,Delhi Capitals,1,5,4,Q De Kock,SA Yadav,K Rabada,0,0,0,0,[],0,Not Out,None,31,1,130,0.0,92,Delhi Capitals,1,14,9,10,8,0.0,0.0,0,1,2021,0,0,1,14,10
1254112,2021-10-02,Sharjah Cricket Stadium,Mumbai Indians,Delhi Capitals,1,5,5,Q De Kock,SA Yadav,K Rabada,1,0,1,0,[],0,Not Out,None,32,1,130,0.0,91,Delhi Capitals,1,15,9,11,8,0.0,0.0,1,1,2021,0,0,0,15,11
1254112,2021-10-02,Sharjah Cricket Stadium,Mumbai Indians,Delhi Capitals,1,5,6,Sa Yadav,Q de Kock,K Rabada,0,0,0,0,[],0,Not Out,None,32,1,130,0.0,90,Delhi Capitals,1,9,15,9,11,0.0,0.0,0,1,2021,0,0,1,9,9
1254112,2021-10-02,Sharjah Cricket Stadium,Mumbai Indians,Delhi Capitals,1,6,1,Q De Kock,SA Yadav,A Nortje,0,0,0,0,[],0,Not Out,None,32,1,130,0.0,89,Delhi Capitals,1,15,9,12,9,0.0,0.0,0,1,2021,0,0,1,15,12
1254112,2021-10-02,Sharjah Cricket Stadium,Mumbai Indians,Delhi Capitals,1,6,2,Q De Kock,SA Yadav,A Nortje,1,0,1,0,[],0,Not Out,None,33,1,130,0.0,88,Delhi Capitals,1,16,9,13,9,0.0,0.0,1,1,2021,0,0,0,16,13
1254112,2021-10-02,Sharjah Cricket Stadium,Mumbai Indians,Delhi Capitals,1,6,3,Sa Yadav,Q de Kock,A Nortje,1,0,1,0,[],0,Not Out,None,34,1,130,0.0,87,Delhi Capitals,1,10,16,10,13,0.0,0.0,1,1,2021,0,0,0,10,10
1254112,2021-10-02,Sharjah Cricket Stadium,Mumbai Indians,Delhi Capitals,1,6,4,Q De Kock,SA Yadav,A Nortje,0,0,0,0,[],0,Not Out,None,34,1,130,0.0,86,Delhi Capitals,1,16,10,14,10,0.0,0.0,0,1,2021,0,0,1,16,14
1254112,2021-10-02,Sharjah Cricket Stadium,Mumbai Indians,Delhi Capitals,1,6,5,Q De Kock,SA Yadav,A Nortje,0,0,0,0,[],0,Not Out,None,34,1,130,0.0,85,Delhi Capitals,1,16,10,15,10,0.0,0.0,0,1,2021,0,0,1,16,15
1254112,2021-10-02,Sharjah Cricket Stadium,Mumbai Indians,Delhi Capitals,1,6,6,Q De Kock,SA Yadav,A Nortje,1,0,1,0,[],0,Not Out,None,35,1,130,0.0,84,Delhi Capitals,1,17,10,16,10,0.0,0.0,1,1,2021,0,0,0,17,16
1254112,2021-10-02,Sharjah Cricket Stadium,Mumbai Indians,Delhi Capitals,1,7,1,Q De Kock,SA Yadav,AR Patel,2,0,2,0,[],0,Not Out,None,37,1,130,0.0,83,Delhi Capitals,1,19,10,17,10,0.0,0.0,2,1,2021,0,0,0,19,17
1254112,2021-10-02,Sharjah Cricket Stadium,Mumbai Indians,Delhi Capitals,1,7,2,Q De Kock,SA Yadav,AR Patel,0,0,0,0,[],1,caught,Q de Kock,37,2,130,0.0,82,Delhi Capitals,1,0,10,0,10,19.0,18.0,0,1,2021,0,1,1,19,18
1254112,2021-10-02,Sharjah Cricket Stadium,Mumbai Indians,Delhi Capitals,1,7,3,Ss Tiwary,SA Yadav,AR Patel,1,0,1,0,[],0,Not Out,None,38,2,130,0.0,81,Delhi Capitals,1,1,10,1,10,0.0,0.0,1,1,2021,0,0,0,1,1
1254112,2021-10-02,Sharjah Cricket Stadium,Mumbai Indians,Delhi Capitals,1,7,4,Sa Yadav,SS Tiwary,AR Patel,0,0,0,0,[],0,Not Out,None,38,2,130,0.0,80,Delhi Capitals,1,10,1,11,1,0.0,0.0,0,1,2021,0,0,1,10,11
1254112,2021-10-02,Sharjah Cricket Stadium,Mumbai Indians,Delhi Capitals,1,7,5,Sa Yadav,SS Tiwary,AR Patel,1,0,1,0,[],0,Not Out,None,39,2,130,0.0,79,Delhi Capitals,1,11,1,12,1,0.0,0.0,1,1,2021,0,0,0,11,12
1254112,2021-10-02,Sharjah Cricket Stadium,Mumbai Indians,Delhi Capitals,1,7,6,Ss Tiwary,SA Yadav,AR Patel,1,0,1,0,[],0,Not Out,None,40,2,130,0.0,78,Delhi Capitals,1,2,11,2,12,0.0,0.0,1,1,2021,0,0,0,2,2
1254112,2021-10-02,Sharjah Cricket Stadium,Mumbai Indians,Delhi Capitals,1,8,1,Ss Tiwary,SA Yadav,R Ashwin,1,0,1,0,[],0,Not Out,None,41,2,130,0.0,77,Delhi Capitals,1,3,11,3,12,0.0,0.0,1,1,2021,0,0,0,3,3
1254112,2021-10-02,Sharjah Cricket Stadium,Mumbai Indians,Delhi Capitals,1,8,2,Sa Yadav,SS Tiwary,R Ashwin,4,0,4,0,[],0,Not Out,None,45,2,130,0.0,76,Delhi Capitals,1,15,3,13,3,0.0,0.0,4,1,2021,0,0,0,15,13
1254112,2021-10-02,Sharjah Cricket Stadium,Mumbai Indians,Delhi Capitals,1,8,3,Sa Yadav,SS Tiwary,R Ashwin,1,0,1,0,[],0,Not Out,None,46,2,130,0.0,75,Delhi Capitals,1,16,3,14,3,0.0,0.0,1,1,2021,0,0,0,16,14
1254112,2021-10-02,Sharjah Cricket Stadium,Mumbai Indians,Delhi Capitals,1,8,4,Ss Tiwary,SA Yadav,R Ashwin,1,0,1,0,[],0,Not Out,None,47,2,130,0.0,74,Delhi Capitals,1,4,16,4,14,0.0,0.0,1,1,2021,0,0,0,4,4
1254112,2021-10-02,Sharjah Cricket Stadium,Mumbai Indians,Delhi Capitals,1,8,5,Sa Yadav,SS Tiwary,R Ashwin,4,0,4,0,[],0,Not Out,None,51,2,130,0.0,73,Delhi Capitals,1,20,4,15,4,0.0,0.0,4,1,2021,0,0,0,20,15
1254112,2021-10-02,Sharjah Cricket Stadium,Mumbai Indians,Delhi Capitals,1,8,6,Sa Yadav,SS Tiwary,R Ashwin,1,0,1,0,[],0,Not Out,None,52,2,130,0.0,72,Delhi Capitals,1,21,4,16,4,0.0,0.0,1,1,2021,0,0,0,21,16
1254112,2021-10-02,Sharjah Cricket Stadium,Mumbai Indians,Delhi Capitals,1,9,1,Sa Yadav,SS Tiwary,AR Patel,0,0,0,0,[],0,Not Out,None,52,2,130,0.0,71,Delhi Capitals,1,21,4,17,4,0.0,0.0,0,1,2021,0,0,1,21,17
1254112,2021-10-02,Sharjah Cricket Stadium,Mumbai Indians,Delhi Capitals,1,9,2,Sa Yadav,SS Tiwary,AR Patel,1,0,1,0,[],0,Not Out,None,53,2,130,0.0,70,Delhi Capitals,1,22,4,18,4,0.0,0.0,1,1,2021,0,0,0,22,18
1254112,2021-10-02,Sharjah Cricket Stadium,Mumbai Indians,Delhi Capitals,1,9,3,Ss Tiwary,SA Yadav,AR Patel,1,0,1,0,[],0,Not Out,None,54,2,130,0.0,69,Delhi Capitals,1,5,22,5,18,0.0,0.0,1,1,2021,0,0,0,5,5
1254112,2021-10-02,Sharjah Cricket Stadium,Mumbai Indians,Delhi Capitals,1,9,4,Sa Yadav,SS Tiwary,AR Patel,1,0,1,0,[],0,Not Out,None,55,2,130,0.0,68,Delhi Capitals,1,23,5,19,5,0.0,0.0,1,1,2021,0,0,0,23,19
1254112,2021-10-02,Sharjah Cricket Stadium,Mumbai Indians,Delhi Capitals,1,9,5,Ss Tiwary,SA Yadav,AR Patel,1,0,1,0,[],0,Not Out,None,56,2,130,0.0,67,Delhi Capitals,1,6,23,6,19,0.0,0.0,1,1,2021,0,0,0,6,6
1254112,2021-10-02,Sharjah Cricket Stadium,Mumbai Indians,Delhi Capitals,1,9,6,Sa Yadav,SS Tiwary,AR Patel,1,0,1,0,[],0,Not Out,None,57,2,130,0.0,66,Delhi Capitals,1,24,6,20,6,0.0,0.0,1,1,2021,0,0,0,24,20
1254112,2021-10-02,Sharjah Cricket Stadium,Mumbai Indians,Delhi Capitals,1,10,1,Sa Yadav,SS Tiwary,K Rabada,1,0,1,0,[],0,Not Out,None,58,2,130,0.0,65,Delhi Capitals,1,25,6,21,6,0.0,0.0,1,1,2021,0,0,0,25,21
1254112,2021-10-02,Sharjah Cricket Stadium,Mumbai Indians,Delhi Capitals,1,10,2,Ss Tiwary,SA Yadav,K Rabada,0,0,0,0,[],0,Not Out,None,58,2,130,0.0,64,Delhi Capitals,1,6,25,7,21,0.0,0.0,0,1,2021,0,0,1,6,7
1254112,2021-10-02,Sharjah Cricket Stadium,Mumbai Indians,Delhi Capitals,1,10,3,Ss Tiwary,SA Yadav,K Rabada,1,0,1,0,[],0,Not Out,None,59,2,130,0.0,63,Delhi Capitals,1,7,25,8,21,0.0,0.0,1,1,2021,0,0,0,7,8
1254112,2021-10-02,Sharjah Cricket Stadium,Mumbai Indians,Delhi Capitals,1,10,4,Sa Yadav,SS Tiwary,K Rabada,0,0,0,0,[],0,Not Out,None,59,2,130,0.0,62,Delhi Capitals,1,25,7,22,8,0.0,0.0,0,1,2021,0,0,1,25,22
1254112,2021-10-02,Sharjah Cricket Stadium,Mumbai Indians,Delhi Capitals,1,10,5,Sa Yadav,SS Tiwary,K Rabada,6,0,6,0,[],0,Not Out,None,65,2,130,0.0,61,Delhi Capitals,1,31,7,23,8,0.0,0.0,6,1,2021,1,0,0,31,23
1254112,2021-10-02,Sharjah Cricket Stadium,Mumbai Indians,Delhi Capitals,1,10,6,Sa Yadav,SS Tiwary,K Rabada,1,0,1,0,[],0,Not Out,None,66,2,130,0.0,60,Delhi Capitals,1,32,7,24,8,0.0,0.0,1,1,2021,0,0,0,32,24
1254112,2021-10-02,Sharjah Cricket Stadium,Mumbai Indians,Delhi Capitals,1,11,1,Sa Yadav,SS Tiwary,AR Patel,1,0,1,0,[],0,Not Out,None,67,2,130,0.0,59,Delhi Capitals,1,33,7,25,8,0.0,0.0,1,1,2021,0,0,0,33,25
1254112,2021-10-02,Sharjah Cricket Stadium,Mumbai Indians,Delhi Capitals,1,11,2,Ss Tiwary,SA Yadav,AR Patel,1,0,1,0,[],0,Not Out,None,68,2,130,0.0,58,Delhi Capitals,1,8,33,9,25,0.0,0.0,1,1,2021,0,0,0,8,9
1254112,2021-10-02,Sharjah Cricket Stadium,Mumbai Indians,Delhi Capitals,1,11,3,Sa Yadav,SS Tiwary,AR Patel,0,0,0,0,[],1,caught,SA Yadav,68,3,130,0.0,57,Delhi Capitals,1,0,8,0,9,33.0,26.0,0,1,2021,0,1,1,33,26
1254112,2021-10-02,Sharjah Cricket Stadium,Mumbai Indians,Delhi Capitals,1,11,4,Ss Tiwary,KA Pollard,AR Patel,0,0,0,0,[],0,Not Out,None,68,3,130,0.0,56,Delhi Capitals,1,8,0,10,0,0.0,0.0,0,1,2021,0,0,1,8,10
1254112,2021-10-02,Sharjah Cricket Stadium,Mumbai Indians,Delhi Capitals,1,11,5,Ss Tiwary,KA Pollard,AR Patel,4,0,4,0,[],0,Not Out,None,72,3,130,0.0,55,Delhi Capitals,1,12,0,11,0,0.0,0.0,4,1,2021,0,0,0,12,11
1254112,2021-10-02,Sharjah Cricket Stadium,Mumbai Indians,Delhi Capitals,1,11,6,Ss Tiwary,KA Pollard,AR Patel,1,0,1,0,[],0,Not Out,None,73,3,130,0.0,54,Delhi Capitals,1,13,0,12,0,0.0,0.0,1,1,2021,0,0,0,13,12
1254112,2021-10-02,Sharjah Cricket Stadium,Mumbai Indians,Delhi Capitals,1,12,1,Ss Tiwary,KA Pollard,K Rabada,0,0,0,0,[],0,Not Out,None,73,3,130,0.0,53,Delhi Capitals,1,13,0,13,0,0.0,0.0,0,1,2021,0,0,1,13,13
1254112,2021-10-02,Sharjah Cricket Stadium,Mumbai Indians,Delhi Capitals,1,12,2,Ss Tiwary,KA Pollard,K Rabada,0,0,0,0,[],0,Not Out,None,73,3,130,0.0,52,Delhi Capitals,1,13,0,14,0,0.0,0.0,0,1,2021,0,0,1,13,14
1254112,2021-10-02,Sharjah Cricket Stadium,Mumbai Indians,Delhi Capitals,1,12,3,Ss Tiwary,KA Pollard,K Rabada,0,0,0,0,[],0,Not Out,None,73,3,130,0.0,51,Delhi Capitals,1,13,0,15,0,0.0,0.0,0,1,2021,0,0,1,13,15
1254112,2021-10-02,Sharjah Cricket Stadium,Mumbai Indians,Delhi Capitals,1,12,4,Ss Tiwary,KA Pollard,K Rabada,1,0,1,0,[],0,Not Out,None,74,3,130,0.0,50,Delhi Capitals,1,14,0,16,0,0.0,0.0,1,1,2021,0,0,0,14,16
1254112,2021-10-02,Sharjah Cricket Stadium,Mumbai Indians,Delhi Capitals,1,12,5,Ka Pollard,SS Tiwary,K Rabada,0,0,0,0,[],0,Not Out,None,74,3,130,0.0,49,Delhi Capitals,1,0,14,1,16,0.0,0.0,0,1,2021,0,0,1,0,1
1254112,2021-10-02,Sharjah Cricket Stadium,Mumbai Indians,Delhi Capitals,1,12,6,Ka Pollard,SS Tiwary,K Rabada,0,1,1,1,['wides'],0,Not Out,None,75,3,130,0.0,49,Delhi Capitals,1,0,14,0,16,0.0,0.0,1,0,2021,0,0,0,0,2
1254112,2021-10-02,Sharjah Cricket Stadium,Mumbai Indians,Delhi Capitals,1,12,6,Ka Pollard,SS Tiwary,K Rabada,1,0,1,0,[],0,Not Out,None,76,3,130,0.0,48,Delhi Capitals,1,1,14,2,16,0.0,0.0,1,1,2021,0,0,0,1,3
1254112,2021-10-02,Sharjah Cricket Stadium,Mumbai Indians,Delhi Capitals,1,13,1,Ka Pollard,SS Tiwary,AR Patel,1,0,1,0,[],0,Not Out,None,77,3,130,0.0,47,Delhi Capitals,1,2,14,3,16,0.0,0.0,1,1,2021,0,0,0,2,4
1254112,2021-10-02,Sharjah Cricket Stadium,Mumbai Indians,Delhi Capitals,1,13,2,Ss Tiwary,KA Pollard,AR Patel,0,1,1,1,['wides'],0,Not Out,None,78,3,130,0.0,47,Delhi Capitals,1,14,2,17,3,0.0,0.0,1,0,2021,0,0,0,14,17
1254112,2021-10-02,Sharjah Cricket Stadium,Mumbai Indians,Delhi Capitals,1,13,2,Ss Tiwary,KA Pollard,AR Patel,1,0,1,0,[],0,Not Out,None,79,3,130,0.0,46,Delhi Capitals,1,15,2,18,3,0.0,0.0,1,1,2021,0,0,0,15,18
1254112,2021-10-02,Sharjah Cricket Stadium,Mumbai Indians,Delhi Capitals,1,13,3,Ka Pollard,SS Tiwary,AR Patel,0,0,0,0,[],0,Not Out,None,79,3,130,0.0,45,Delhi Capitals,1,2,15,4,18,0.0,0.0,0,1,2021,0,0,1,2,5
1254112,2021-10-02,Sharjah Cricket Stadium,Mumbai Indians,Delhi Capitals,1,13,4,Ka Pollard,SS Tiwary,AR Patel,1,0,1,0,[],0,Not Out,None,80,3,130,0.0,44,Delhi Capitals,1,3,15,5,18,0.0,0.0,1,1,2021,0,0,0,3,6
1254112,2021-10-02,Sharjah Cricket Stadium,Mumbai Indians,Delhi Capitals,1,13,5,Ss Tiwary,KA Pollard,AR Patel,0,0,0,0,[],1,caught,SS Tiwary,80,4,130,0.0,43,Delhi Capitals,1,0,3,0,5,15.0,19.0,0,1,2021,0,1,1,15,19
1254112,2021-10-02,Sharjah Cricket Stadium,Mumbai Indians,Delhi Capitals,1,13,6,Hh Pandya,KA Pollard,AR Patel,0,0,0,0,[],0,Not Out,None,80,4,130,0.0,42,Delhi Capitals,1,0,3,1,5,0.0,0.0,0,1,2021,0,0,1,0,1
1254112,2021-10-02,Sharjah Cricket Stadium,Mumbai Indians,Delhi Capitals,1,14,1,Ka Pollard,HH Pandya,R Ashwin,0,1,1,1,['wides'],0,Not Out,None,81,4,130,0.0,42,Delhi Capitals,1,3,0,6,1,0.0,0.0,1,0,2021,0,0,0,3,7
1254112,2021-10-02,Sharjah Cricket Stadium,Mumbai Indians,Delhi Capitals,1,14,1,Ka Pollard,HH Pandya,R Ashwin,1,0,1,0,[],0,Not Out,None,82,4,130,0.0,41,Delhi Capitals,1,4,0,7,1,0.0,0.0,1,1,2021,0,0,0,4,8
1254112,2021-10-02,Sharjah Cricket Stadium,Mumbai Indians,Delhi Capitals,1,14,2,Hh Pandya,KA Pollard,R Ashwin,1,0,1,0,[],0,Not Out,None,83,4,130,0.0,40,Delhi Capitals,1,1,4,2,7,0.0,0.0,1,1,2021,0,0,0,1,2
1254112,2021-10-02,Sharjah Cricket Stadium,Mumbai Indians,Delhi Capitals,1,14,3,Ka Pollard,HH Pandya,R Ashwin,1,0,1,0,[],0,Not Out,None,84,4,130,0.0,39,Delhi Capitals,1,5,1,8,2,0.0,0.0,1,1,2021,0,0,0,5,9
1254112,2021-10-02,Sharjah Cricket Stadium,Mumbai Indians,Delhi Capitals,1,14,4,Hh Pandya,KA Pollard,R Ashwin,1,0,1,0,[],0,Not Out,None,85,4,130,0.0,38,Delhi Capitals,1,2,5,3,8,0.0,0.0,1,1,2021,0,0,0,2,3
1254112,2021-10-02,Sharjah Cricket Stadium,Mumbai Indians,Delhi Capitals,1,14,5,Ka Pollard,HH Pandya,R Ashwin,0,1,1,1,['wides'],0,Not Out,None,86,4,130,0.0,38,Delhi Capitals,1,5,2,9,3,0.0,0.0,1,0,2021,0,0,0,5,10
1254112,2021-10-02,Sharjah Cricket Stadium,Mumbai Indians,Delhi Capitals,1,14,5,Ka Pollard,HH Pandya,R Ashwin,1,0,1,0,[],0,Not Out,None,87,4,130,0.0,37,Delhi Capitals,1,6,2,10,3,0.0,0.0,1,1,2021,0,0,0,6,11
1254112,2021-10-02,Sharjah Cricket Stadium,Mumbai Indians,Delhi Capitals,1,14,6,Hh Pandya,KA Pollard,R Ashwin,0,0,0,0,[],0,Not Out,None,87,4,130,0.0,36,Delhi Capitals,1,2,6,4,10,0.0,0.0,0,1,2021,0,0,1,2,4
1254112,2021-10-02,Sharjah Cricket Stadium,Mumbai Indians,Delhi Capitals,1,15,1,Ka Pollard,HH Pandya,A Nortje,0,0,0,0,[],1,bowled,KA Pollard,87,5,130,0.0,35,Delhi Capitals,1,0,2,0,4,6.0,11.0,0,1,2021,0,1,1,6,12
1254112,2021-10-02,Sharjah Cricket Stadium,Mumbai Indians,Delhi Capitals,1,15,2,Kh Pandya,HH Pandya,A Nortje,0,0,0,0,[],0,Not Out,None,87,5,130,0.0,34,Delhi Capitals,1,0,2,1,4,0.0,0.0,0,1,2021,0,0,1,0,1
1254112,2021-10-02,Sharjah Cricket Stadium,Mumbai Indians,Delhi Capitals,1,15,3,Kh Pandya,HH Pandya,A Nortje,0,0,0,0,[],0,Not Out,None,87,5,130,0.0,33,Delhi Capitals,1,0,2,2,4,0.0,0.0,0,1,2021,0,0,1,0,2
1254112,2021-10-02,Sharjah Cricket Stadium,Mumbai Indians,Delhi Capitals,1,15,4,Kh Pandya,HH Pandya,A Nortje,0,0,0,0,[],0,Not Out,None,87,5,130,0.0,32,Delhi Capitals,1,0,2,3,4,0.0,0.0,0,1,2021,0,0,1,0,3
1254112,2021-10-02,Sharjah Cricket Stadium,Mumbai Indians,Delhi Capitals,1,15,5,Kh Pandya,HH Pandya,A Nortje,0,0,0,0,[],0,Not Out,None,87,5,130,0.0,31,Delhi Capitals,1,0,2,4,4,0.0,0.0,0,1,2021,0,0,1,0,4
1254112,2021-10-02,Sharjah Cricket Stadium,Mumbai Indians,Delhi Capitals,1,15,6,Kh Pandya,HH Pandya,A Nortje,0,0,0,0,[],0,Not Out,None,87,5,130,0.0,30,Delhi Capitals,1,0,2,5,4,0.0,0.0,0,1,2021,0,0,1,0,5
1254112,2021-10-02,Sharjah Cricket Stadium,Mumbai Indians,Delhi Capitals,1,16,1,Hh Pandya,KH Pandya,Avesh Khan,0,0,0,0,[],0,Not Out,None,87,5,130,0.0,29,Delhi Capitals,1,2,0,5,5,0.0,0.0,0,1,2021,0,0,1,2,5
1254112,2021-10-02,Sharjah Cricket Stadium,Mumbai Indians,Delhi Capitals,1,16,2,Hh Pandya,KH Pandya,Avesh Khan,0,0,0,0,[],0,Not Out,None,87,5,130,0.0,28,Delhi Capitals,1,2,0,6,5,0.0,0.0,0,1,2021,0,0,1,2,6
1254112,2021-10-02,Sharjah Cricket Stadium,Mumbai Indians,Delhi Capitals,1,16,3,Hh Pandya,KH Pandya,Avesh Khan,0,0,0,0,[],0,Not Out,None,87,5,130,0.0,27,Delhi Capitals,1,2,0,7,5,0.0,0.0,0,1,2021,0,0,1,2,7
1254112,2021-10-02,Sharjah Cricket Stadium,Mumbai Indians,Delhi Capitals,1,16,4,Hh Pandya,KH Pandya,Avesh Khan,1,0,1,0,[],0,Not Out,None,88,5,130,0.0,26,Delhi Capitals,1,3,0,8,5,0.0,0.0,1,1,2021,0,0,0,3,8
1254112,2021-10-02,Sharjah Cricket Stadium,Mumbai Indians,Delhi Capitals,1,16,5,Kh Pandya,HH Pandya,Avesh Khan,0,0,0,0,[],0,Not Out,None,88,5,130,0.0,25,Delhi Capitals,1,0,3,6,8,0.0,0.0,0,1,2021,0,0,1,0,6
1254112,2021-10-02,Sharjah Cricket Stadium,Mumbai Indians,Delhi Capitals,1,16,6,Kh Pandya,HH Pandya,Avesh Khan,0,0,0,0,[],0,Not Out,None,88,5,130,0.0,24,Delhi Capitals,1,0,3,7,8,0.0,0.0,0,1,2021,0,0,1,0,7
1254112,2021-10-02,Sharjah Cricket Stadium,Mumbai Indians,Delhi Capitals,1,17,1,Hh Pandya,KH Pandya,K Rabada,1,1,2,1,['noballs'],0,Not Out,None,90,5,130,0.0,24,Delhi Capitals,1,4,0,9,7,0.0,0.0,2,0,2021,0,0,0,4,9
1254112,2021-10-02,Sharjah Cricket Stadium,Mumbai Indians,Delhi Capitals,1,17,1,Kh Pandya,HH Pandya,K Rabada,1,0,1,0,[],0,Not Out,None,91,5,130,0.0,23,Delhi Capitals,1,1,4,8,9,0.0,0.0,1,1,2021,0,0,0,1,8
1254112,2021-10-02,Sharjah Cricket Stadium,Mumbai Indians,Delhi Capitals,1,17,2,Hh Pandya,KH Pandya,K Rabada,2,0,2,0,[],0,Not Out,None,93,5,130,0.0,22,Delhi Capitals,1,6,1,10,8,0.0,0.0,2,1,2021,0,0,0,6,10
1254112,2021-10-02,Sharjah Cricket Stadium,Mumbai Indians,Delhi Capitals,1,17,3,Hh Pandya,KH Pandya,K Rabada,1,0,1,0,[],0,Not Out,None,94,5,130,0.0,21,Delhi Capitals,1,7,1,11,8,0.0,0.0,1,1,2021,0,0,0,7,11
1254112,2021-10-02,Sharjah Cricket Stadium,Mumbai Indians,Delhi Capitals,1,17,4,Kh Pandya,HH Pandya,K Rabada,4,0,4,0,[],0,Not Out,None,98,5,130,0.0,20,Delhi Capitals,1,5,7,9,11,0.0,0.0,4,1,2021,0,0,0,5,9
1254112,2021-10-02,Sharjah Cricket Stadium,Mumbai Indians,Delhi Capitals,1,17,5,Kh Pandya,HH Pandya,K Rabada,1,0,1,0,[],0,Not Out,None,99,5,130,0.0,19,Delhi Capitals,1,6,7,10,11,0.0,0.0,1,1,2021,0,0,0,6,10
1254112,2021-10-02,Sharjah Cricket Stadium,Mumbai Indians,Delhi Capitals,1,17,6,Hh Pandya,KH Pandya,K Rabada,1,0,1,0,[],0,Not Out,None,100,5,130,0.0,18,Delhi Capitals,1,8,6,12,10,0.0,0.0,1,1,2021,0,0,0,8,12
1254112,2021-10-02,Sharjah Cricket Stadium,Mumbai Indians,Delhi Capitals,1,18,1,Hh Pandya,KH Pandya,A Nortje,4,0,4,0,[],0,Not Out,None,104,5,130,0.0,17,Delhi Capitals,1,12,6,13,10,0.0,0.0,4,1,2021,0,0,0,12,13
1254112,2021-10-02,Sharjah Cricket Stadium,Mumbai Indians,Delhi Capitals,1,18,2,Hh Pandya,KH Pandya,A Nortje,0,0,0,0,[],0,Not Out,None,104,5,130,0.0,16,Delhi Capitals,1,12,6,14,10,0.0,0.0,0,1,2021,0,0,1,12,14
1254112,2021-10-02,Sharjah Cricket Stadium,Mumbai Indians,Delhi Capitals,1,18,3,Hh Pandya,KH Pandya,A Nortje,4,0,4,0,[],0,Not Out,None,108,5,130,0.0,15,Delhi Capitals,1,16,6,15,10,0.0,0.0,4,1,2021,0,0,0,16,15
1254112,2021-10-02,Sharjah Cricket Stadium,Mumbai Indians,Delhi Capitals,1,18,4,Hh Pandya,KH Pandya,A Nortje,0,0,0,0,[],0,Not Out,None,108,5,130,0.0,14,Delhi Capitals,1,16,6,16,10,0.0,0.0,0,1,2021,0,0,1,16,16
1254112,2021-10-02,Sharjah Cricket Stadium,Mumbai Indians,Delhi Capitals,1,18,5,Hh Pandya,KH Pandya,A Nortje,1,0,1,0,[],0,Not Out,None,109,5,130,0.0,13,Delhi Capitals,1,17,6,17,10,0.0,0.0,1,1,2021,0,0,0,17,17
1254112,2021-10-02,Sharjah Cricket Stadium,Mumbai Indians,Delhi Capitals,1,18,6,Kh Pandya,HH Pandya,A Nortje,0,0,0,0,[],0,Not Out,None,109,5,130,0.0,12,Delhi Capitals,1,6,17,11,17,0.0,0.0,0,1,2021,0,0,1,6,11
1254112,2021-10-02,Sharjah Cricket Stadium,Mumbai Indians,Delhi Capitals,1,19,1,Hh Pandya,KH Pandya,Avesh Khan,0,0,0,0,[],1,bowled,HH Pandya,109,6,130,0.0,11,Delhi Capitals,1,0,6,0,11,17.0,18.0,0,1,2021,0,1,1,17,18
1254112,2021-10-02,Sharjah Cricket Stadium,Mumbai Indians,Delhi Capitals,1,19,2,Nm Coulter-Nile,KH Pandya,Avesh Khan,1,0,1,0,[],0,Not Out,None,110,6,130,0.0,10,Delhi Capitals,1,1,6,1,11,0.0,0.0,1,1,2021,0,0,0,1,1
1254112,2021-10-02,Sharjah Cricket Stadium,Mumbai Indians,Delhi Capitals,1,19,3,Kh Pandya,NM Coulter-Nile,Avesh Khan,1,0,1,0,[],0,Not Out,None,111,6,130,0.0,9,Delhi Capitals,1,7,1,12,1,0.0,0.0,1,1,2021,0,0,0,7,12
1254112,2021-10-02,Sharjah Cricket Stadium,Mumbai Indians,Delhi Capitals,1,19,4,Nm Coulter-Nile,KH Pandya,Avesh Khan,0,0,0,0,[],1,bowled,NM Coulter-Nile,111,7,130,0.0,8,Delhi Capitals,1,0,7,0,12,1.0,2.0,0,1,2021,0,1,1,1,2
1254112,2021-10-02,Sharjah Cricket Stadium,Mumbai Indians,Delhi Capitals,1,19,5,J Yadav,KH Pandya,Avesh Khan,4,0,4,0,[],0,Not Out,None,115,7,130,0.0,7,Delhi Capitals,1,4,7,1,12,0.0,0.0,4,1,2021,0,0,0,4,1
1254112,2021-10-02,Sharjah Cricket Stadium,Mumbai Indians,Delhi Capitals,1,19,6,J Yadav,KH Pandya,Avesh Khan,1,0,1,0,[],0,Not Out,None,116,7,130,0.0,6,Delhi Capitals,1,5,7,2,12,0.0,0.0,1,1,2021,0,0,0,5,2
1254112,2021-10-02,Sharjah Cricket Stadium,Mumbai Indians,Delhi Capitals,1,20,1,J Yadav,KH Pandya,R Ashwin,6,0,6,0,[],0,Not Out,None,122,7,130,0.0,5,Delhi Capitals,1,11,7,3,12,0.0,0.0,6,1,2021,1,0,0,11,3
1254112,2021-10-02,Sharjah Cricket Stadium,Mumbai Indians,Delhi Capitals,1,20,2,J Yadav,KH Pandya,R Ashwin,0,0,0,0,[],1,caught,J Yadav,122,8,130,0.0,4,Delhi Capitals,1,0,7,0,12,11.0,4.0,0,1,2021,0,1,1,11,4
1254112,2021-10-02,Sharjah Cricket Stadium,Mumbai Indians,Delhi Capitals,1,20,3,Jj Bumrah,KH Pandya,R Ashwin,1,0,1,0,[],0,Not Out,None,123,8,130,0.0,3,Delhi Capitals,1,1,7,1,12,0.0,0.0,1,1,2021,0,0,0,1,1
1254112,2021-10-02,Sharjah Cricket Stadium,Mumbai Indians,Delhi Capitals,1,20,4,Kh Pandya,JJ Bumrah,R Ashwin,0,0,0,0,[],0,Not Out,None,123,8,130,0.0,2,Delhi Capitals,1,7,1,13,1,0.0,0.0,0,1,2021,0,0,1,7,13
1254112,2021-10-02,Sharjah Cricket Stadium,Mumbai Indians,Delhi Capitals,1,20,5,Kh Pandya,JJ Bumrah,R Ashwin,0,0,0,0,[],0,Not Out,None,123,8,130,0.0,1,Delhi Capitals,1,7,1,14,1,0.0,0.0,0,1,2021,0,0,1,7,14
1254112,2021-10-02,Sharjah Cricket Stadium,Mumbai Indians,Delhi Capitals,1,20,6,Kh Pandya,JJ Bumrah,R Ashwin,6,0,6,0,[],0,Not Out,None,129,8,130,0.0,0,Delhi Capitals,1,13,1,15,1,0.0,0.0,6,1,2021,1,0,0,13,15
1254112,2021-10-02,Sharjah Cricket Stadium,Mumbai Indians,Delhi Capitals,2,1,1,Pp Shaw,S Dhawan,TA Boult,0,0,0,0,[],0,Not Out,None,0,0,130,130.0,119,Delhi Capitals,1,0,0,1,0,0.0,0.0,0,1,2021,0,0,1,0,1
1254112,2021-10-02,Sharjah Cricket Stadium,Mumbai Indians,Delhi Capitals,2,1,2,Pp Shaw,S Dhawan,TA Boult,1,0,1,0,[],0,Not Out,None,1,0,130,129.0,118,Delhi Capitals,1,1,0,2,0,0.0,0.0,1,1,2021,0,0,0,1,2
1254112,2021-10-02,Sharjah Cricket Stadium,Mumbai Indians,Delhi Capitals,2,1,3,S Dhawan,PP Shaw,TA Boult,0,0,0,0,[],0,Not Out,None,1,0,130,129.0,117,Delhi Capitals,1,0,1,1,2,0.0,0.0,0,1,2021,0,0,1,0,1
1254112,2021-10-02,Sharjah Cricket Stadium,Mumbai Indians,Delhi Capitals,2,1,4,S Dhawan,PP Shaw,TA Boult,1,0,1,0,[],0,Not Out,None,2,0,130,128.0,116,Delhi Capitals,1,1,1,2,2,0.0,0.0,1,1,2021,0,0,0,1,2
1254112,2021-10-02,Sharjah Cricket Stadium,Mumbai Indians,Delhi Capitals,2,1,5,Pp Shaw,S Dhawan,TA Boult,0,0,0,0,[],0,Not Out,None,2,0,130,128.0,115,Delhi Capitals,1,1,1,3,2,0.0,0.0,0,1,2021,0,0,1,1,3
1254112,2021-10-02,Sharjah Cricket Stadium,Mumbai Indians,Delhi Capitals,2,1,6,Pp Shaw,S Dhawan,TA Boult,4,0,4,0,[],0,Not Out,None,6,0,130,124.0,114,Delhi Capitals,1,5,1,4,2,0.0,0.0,4,1,2021,0,0,0,5,4
1254112,2021-10-02,Sharjah Cricket Stadium,Mumbai Indians,Delhi Capitals,2,2,1,S Dhawan,PP Shaw,J Yadav,1,0,1,0,[],0,Not Out,None,7,0,130,123.0,113,Delhi Capitals,1,2,5,3,4,0.0,0.0,1,1,2021,0,0,0,2,3
1254112,2021-10-02,Sharjah Cricket Stadium,Mumbai Indians,Delhi Capitals,2,2,2,Pp Shaw,S Dhawan,J Yadav,1,0,1,0,[],0,Not Out,None,8,0,130,122.0,112,Delhi Capitals,1,6,2,5,3,0.0,0.0,1,1,2021,0,0,0,6,5
1254112,2021-10-02,Sharjah Cricket Stadium,Mumbai Indians,Delhi Capitals,2,2,3,S Dhawan,PP Shaw,J Yadav,6,0,6,0,[],0,Not Out,None,14,0,130,116.0,111,Delhi Capitals,1,8,6,4,5,0.0,0.0,6,1,2021,1,0,0,8,4
1254112,2021-10-02,Sharjah Cricket Stadium,Mumbai Indians,Delhi Capitals,2,2,4,S Dhawan,PP Shaw,J Yadav,0,0,0,0,[],0,Not Out,None,14,0,130,116.0,110,Delhi Capitals,1,8,6,5,5,0.0,0.0,0,1,2021,0,0,1,8,5
1254112,2021-10-02,Sharjah Cricket Stadium,Mumbai Indians,Delhi Capitals,2,2,5,S Dhawan,PP Shaw,J Yadav,0,0,0,0,[],0,Not Out,None,14,0,130,116.0,109,Delhi Capitals,1,8,6,6,5,0.0,0.0,0,1,2021,0,0,1,8,6
1254112,2021-10-02,Sharjah Cricket Stadium,Mumbai Indians,Delhi Capitals,2,2,6,S Dhawan,PP Shaw,J Yadav,0,0,0,0,[],1,run out,S Dhawan,14,1,130,116.0,108,Delhi Capitals,1,0,6,0,5,8.0,7.0,0,1,2021,0,0,1,8,7
1254112,2021-10-02,Sharjah Cricket Stadium,Mumbai Indians,Delhi Capitals,2,3,1,Spd Smith,PP Shaw,KH Pandya,0,0,0,0,[],0,Not Out,None,14,1,130,116.0,107,Delhi Capitals,1,0,6,1,5,0.0,0.0,0,1,2021,0,0,1,0,1
1254112,2021-10-02,Sharjah Cricket Stadium,Mumbai Indians,Delhi Capitals,2,3,2,Spd Smith,PP Shaw,KH Pandya,1,0,1,0,[],0,Not Out,None,15,1,130,115.0,106,Delhi Capitals,1,1,6,2,5,0.0,0.0,1,1,2021,0,0,0,1,2
1254112,2021-10-02,Sharjah Cricket Stadium,Mumbai Indians,Delhi Capitals,2,3,3,Pp Shaw,SPD Smith,KH Pandya,0,0,0,0,[],0,Not Out,None,15,1,130,115.0,105,Delhi Capitals,1,6,1,6,2,0.0,0.0,0,1,2021,0,0,1,6,6
1254112,2021-10-02,Sharjah Cricket Stadium,Mumbai Indians,Delhi Capitals,2,3,4,Pp Shaw,SPD Smith,KH Pandya,0,0,0,0,[],1,lbw,PP Shaw,15,2,130,115.0,104,Delhi Capitals,1,0,1,0,2,6.0,7.0,0,1,2021,0,1,1,6,7
1254112,2021-10-02,Sharjah Cricket Stadium,Mumbai Indians,Delhi Capitals,2,3,5,Rr Pant,SPD Smith,KH Pandya,0,0,0,0,[],0,Not Out,None,15,2,130,115.0,103,Delhi Capitals,1,0,1,1,2,0.0,0.0,0,1,2021,0,0,1,0,1
1254112,2021-10-02,Sharjah Cricket Stadium,Mumbai Indians,Delhi Capitals,2,3,6,Rr Pant,SPD Smith,KH Pandya,6,0,6,0,[],0,Not Out,None,21,2,130,109.0,102,Delhi Capitals,1,6,1,2,2,0.0,0.0,6,1,2021,1,0,0,6,2
1254112,2021-10-02,Sharjah Cricket Stadium,Mumbai Indians,Delhi Capitals,2,4,1,Spd Smith,RR Pant,JJ Bumrah,0,0,0,0,[],0,Not Out,None,21,2,130,109.0,101,Delhi Capitals,1,1,6,3,2,0.0,0.0,0,1,2021,0,0,1,1,3
1254112,2021-10-02,Sharjah Cricket Stadium,Mumbai Indians,Delhi Capitals,2,4,2,Spd Smith,RR Pant,JJ Bumrah,1,0,1,0,[],0,Not Out,None,22,2,130,108.0,100,Delhi Capitals,1,2,6,4,2,0.0,0.0,1,1,2021,0,0,0,2,4
1254112,2021-10-02,Sharjah Cricket Stadium,Mumbai Indians,Delhi Capitals,2,4,3,Rr Pant,SPD Smith,JJ Bumrah,1,0,1,0,[],0,Not Out,None,23,2,130,107.0,99,Delhi Capitals,1,7,2,3,4,0.0,0.0,1,1,2021,0,0,0,7,3
1254112,2021-10-02,Sharjah Cricket Stadium,Mumbai Indians,Delhi Capitals,2,4,4,Spd Smith,RR Pant,JJ Bumrah,6,0,6,0,[],0,Not Out,None,29,2,130,101.0,98,Delhi Capitals,1,8,7,5,3,0.0,0.0,6,1,2021,1,0,0,8,5
1254112,2021-10-02,Sharjah Cricket Stadium,Mumbai Indians,Delhi Capitals,2,4,5,Spd Smith,RR Pant,JJ Bumrah,0,0,0,0,[],0,Not Out,None,29,2,130,101.0,97,Delhi Capitals,1,8,7,6,3,0.0,0.0,0,1,2021,0,0,1,8,6
1254112,2021-10-02,Sharjah Cricket Stadium,Mumbai Indians,Delhi Capitals,2,4,6,Spd Smith,RR Pant,JJ Bumrah,1,0,1,0,[],0,Not Out,None,30,2,130,100.0,96,Delhi Capitals,1,9,7,7,3,0.0,0.0,1,1,2021,0,0,0,9,7
1254112,2021-10-02,Sharjah Cricket Stadium,Mumbai Indians,Delhi Capitals,2,5,1,Spd Smith,RR Pant,NM Coulter-Nile,0,0,0,0,[],1,bowled,SPD Smith,30,3,130,100.0,95,Delhi Capitals,1,0,7,0,3,9.0,8.0,0,1,2021,0,1,1,9,8
1254112,2021-10-02,Sharjah Cricket Stadium,Mumbai Indians,Delhi Capitals,2,5,2,Ss Iyer,RR Pant,NM Coulter-Nile,1,0,1,0,[],0,Not Out,None,31,3,130,99.0,94,Delhi Capitals,1,1,7,1,3,0.0,0.0,1,1,2021,0,0,0,1,1
1254112,2021-10-02,Sharjah Cricket Stadium,Mumbai Indians,Delhi Capitals,2,5,3,Rr Pant,SS Iyer,NM Coulter-Nile,0,0,0,0,[],0,Not Out,None,31,3,130,99.0,93,Delhi Capitals,1,7,1,4,1,0.0,0.0,0,1,2021,0,0,1,7,4
1254112,2021-10-02,Sharjah Cricket Stadium,Mumbai Indians,Delhi Capitals,2,5,4,Rr Pant,SS Iyer,NM Coulter-Nile,4,0,4,0,[],0,Not Out,None,35,3,130,95.0,92,Delhi Capitals,1,11,1,5,1,0.0,0.0,4,1,2021,0,0,0,11,5
1254112,2021-10-02,Sharjah Cricket Stadium,Mumbai Indians,Delhi Capitals,2,5,5,Rr Pant,SS Iyer,NM Coulter-Nile,0,0,0,0,[],0,Not Out,None,35,3,130,95.0,91,Delhi Capitals,1,11,1,6,1,0.0,0.0,0,1,2021,0,0,1,11,6
1254112,2021-10-02,Sharjah Cricket Stadium,Mumbai Indians,Delhi Capitals,2,5,6,Rr Pant,SS Iyer,NM Coulter-Nile,0,0,0,0,[],0,Not Out,None,35,3,130,95.0,90,Delhi Capitals,1,11,1,7,1,0.0,0.0,0,1,2021,0,0,1,11,7
1254112,2021-10-02,Sharjah Cricket Stadium,Mumbai Indians,Delhi Capitals,2,6,1,Ss Iyer,RR Pant,JJ Bumrah,1,0,1,0,[],0,Not Out,None,36,3,130,94.0,89,Delhi Capitals,1,2,11,2,7,0.0,0.0,1,1,2021,0,0,0,2,2
1254112,2021-10-02,Sharjah Cricket Stadium,Mumbai Indians,Delhi Capitals,2,6,2,Rr Pant,SS Iyer,JJ Bumrah,0,0,0,0,[],0,Not Out,None,36,3,130,94.0,88,Delhi Capitals,1,11,2,8,2,0.0,0.0,0,1,2021,0,0,1,11,8
1254112,2021-10-02,Sharjah Cricket Stadium,Mumbai Indians,Delhi Capitals,2,6,3,Rr Pant,SS Iyer,JJ Bumrah,2,0,2,0,[],0,Not Out,None,38,3,130,92.0,87,Delhi Capitals,1,13,2,9,2,0.0,0.0,2,1,2021,0,0,0,13,9
1254112,2021-10-02,Sharjah Cricket Stadium,Mumbai Indians,Delhi Capitals,2,6,4,Rr Pant,SS Iyer,JJ Bumrah,4,0,4,0,[],0,Not Out,None,42,3,130,88.0,86,Delhi Capitals,1,17,2,10,2,0.0,0.0,4,1,2021,0,0,0,17,10
1254112,2021-10-02,Sharjah Cricket Stadium,Mumbai Indians,Delhi Capitals,2,6,5,Rr Pant,SS Iyer,JJ Bumrah,0,0,0,0,[],0,Not Out,None,42,3,130,88.0,85,Delhi Capitals,1,17,2,11,2,0.0,0.0,0,1,2021,0,0,1,17,11
1254112,2021-10-02,Sharjah Cricket Stadium,Mumbai Indians,Delhi Capitals,2,6,6,Rr Pant,SS Iyer,JJ Bumrah,4,0,4,0,[],0,Not Out,None,46,3,130,84.0,84,Delhi Capitals,1,21,2,12,2,0.0,0.0,4,1,2021,0,0,0,21,12
1254112,2021-10-02,Sharjah Cricket Stadium,Mumbai Indians,Delhi Capitals,2,7,1,Ss Iyer,RR Pant,J Yadav,2,0,2,0,[],0,Not Out,None,48,3,130,82.0,83,Delhi Capitals,1,4,21,3,12,0.0,0.0,2,1,2021,0,0,0,4,3
1254112,2021-10-02,Sharjah Cricket Stadium,Mumbai Indians,Delhi Capitals,2,7,2,Ss Iyer,RR Pant,J Yadav,1,0,1,0,[],0,Not Out,None,49,3,130,81.0,82,Delhi Capitals,1,5,21,4,12,0.0,0.0,1,1,2021,0,0,0,5,4
1254112,2021-10-02,Sharjah Cricket Stadium,Mumbai Indians,Delhi Capitals,2,7,3,Rr Pant,SS Iyer,J Yadav,0,0,0,0,[],0,Not Out,None,49,3,130,81.0,81,Delhi Capitals,1,21,5,13,4,0.0,0.0,0,1,2021,0,0,1,21,13
1254112,2021-10-02,Sharjah Cricket Stadium,Mumbai Indians,Delhi Capitals,2,7,4,Rr Pant,SS Iyer,J Yadav,2,0,2,0,[],0,Not Out,None,51,3,130,79.0,80,Delhi Capitals,1,23,5,14,4,0.0,0.0,2,1,2021,0,0,0,23,14
1254112,2021-10-02,Sharjah Cricket Stadium,Mumbai Indians,Delhi Capitals,2,7,5,Rr Pant,SS Iyer,J Yadav,0,0,0,0,[],0,Not Out,None,51,3,130,79.0,79,Delhi Capitals,1,23,5,15,4,0.0,0.0,0,1,2021,0,0,1,23,15
1254112,2021-10-02,Sharjah Cricket Stadium,Mumbai Indians,Delhi Capitals,2,7,6,Rr Pant,SS Iyer,J Yadav,0,0,0,0,[],0,Not Out,None,51,3,130,79.0,78,Delhi Capitals,1,23,5,16,4,0.0,0.0,0,1,2021,0,0,1,23,16
1254112,2021-10-02,Sharjah Cricket Stadium,Mumbai Indians,Delhi Capitals,2,8,1,Ss Iyer,RR Pant,NM Coulter-Nile,1,0,1,0,[],0,Not Out,None,52,3,130,78.0,77,Delhi Capitals,1,6,23,5,16,0.0,0.0,1,1,2021,0,0,0,6,5
1254112,2021-10-02,Sharjah Cricket Stadium,Mumbai Indians,Delhi Capitals,2,8,2,Rr Pant,SS Iyer,NM Coulter-Nile,0,0,0,0,[],0,Not Out,None,52,3,130,78.0,76,Delhi Capitals,1,23,6,17,5,0.0,0.0,0,1,2021,0,0,1,23,17
1254112,2021-10-02,Sharjah Cricket Stadium,Mumbai Indians,Delhi Capitals,2,8,3,Rr Pant,SS Iyer,NM Coulter-Nile,0,0,0,0,[],0,Not Out,None,52,3,130,78.0,75,Delhi Capitals,1,23,6,18,5,0.0,0.0,0,1,2021,0,0,1,23,18
1254112,2021-10-02,Sharjah Cricket Stadium,Mumbai Indians,Delhi Capitals,2,8,4,Rr Pant,SS Iyer,NM Coulter-Nile,1,0,1,0,[],0,Not Out,None,53,3,130,77.0,74,Delhi Capitals,1,24,6,19,5,0.0,0.0,1,1,2021,0,0,0,24,19
1254112,2021-10-02,Sharjah Cricket Stadium,Mumbai Indians,Delhi Capitals,2,8,5,Ss Iyer,RR Pant,NM Coulter-Nile,1,0,1,0,[],0,Not Out,None,54,3,130,76.0,73,Delhi Capitals,1,7,24,6,19,0.0,0.0,1,1,2021,0,0,0,7,6
1254112,2021-10-02,Sharjah Cricket Stadium,Mumbai Indians,Delhi Capitals,2,8,6,Rr Pant,SS Iyer,NM Coulter-Nile,0,1,1,0,['legbyes'],0,Not Out,None,55,3,130,75.0,72,Delhi Capitals,1,24,7,20,6,0.0,0.0,0,1,2021,0,0,0,24,20
1254112,2021-10-02,Sharjah Cricket Stadium,Mumbai Indians,Delhi Capitals,2,9,1,Rr Pant,SS Iyer,J Yadav,2,0,2,0,[],0,Not Out,None,57,3,130,73.0,71,Delhi Capitals,1,26,7,21,6,0.0,0.0,2,1,2021,0,0,0,26,21
1254112,2021-10-02,Sharjah Cricket Stadium,Mumbai Indians,Delhi Capitals,2,9,2,Rr Pant,SS Iyer,J Yadav,0,0,0,0,[],1,caught,RR Pant,57,4,130,73.0,70,Delhi Capitals,1,0,7,0,6,26.0,22.0,0,1,2021,0,1,1,26,22
1254112,2021-10-02,Sharjah Cricket Stadium,Mumbai Indians,Delhi Capitals,2,9,3,Ar Patel,SS Iyer,J Yadav,1,0,1,0,[],0,Not Out,None,58,4,130,72.0,69,Delhi Capitals,1,1,7,1,6,0.0,0.0,1,1,2021,0,0,0,1,1
1254112,2021-10-02,Sharjah Cricket Stadium,Mumbai Indians,Delhi Capitals,2,9,4,Ss Iyer,AR Patel,J Yadav,0,1,1,1,['wides'],0,Not Out,None,59,4,130,71.0,69,Delhi Capitals,1,7,1,7,1,0.0,0.0,1,0,2021,0,0,0,7,7
1254112,2021-10-02,Sharjah Cricket Stadium,Mumbai Indians,Delhi Capitals,2,9,4,Ss Iyer,AR Patel,J Yadav,0,0,0,0,[],0,Not Out,None,59,4,130,71.0,68,Delhi Capitals,1,7,1,8,1,0.0,0.0,0,1,2021,0,0,1,7,8
1254112,2021-10-02,Sharjah Cricket Stadium,Mumbai Indians,Delhi Capitals,2,9,5,Ss Iyer,AR Patel,J Yadav,0,0,0,0,[],0,Not Out,None,59,4,130,71.0,67,Delhi Capitals,1,7,1,9,1,0.0,0.0,0,1,2021,0,0,1,7,9
1254112,2021-10-02,Sharjah Cricket Stadium,Mumbai Indians,Delhi Capitals,2,9,6,Ss Iyer,AR Patel,J Yadav,1,0,1,0,[],0,Not Out,None,60,4,130,70.0,66,Delhi Capitals,1,8,1,10,1,0.0,0.0,1,1,2021,0,0,0,8,10
1254112,2021-10-02,Sharjah Cricket Stadium,Mumbai Indians,Delhi Capitals,2,10,1,Ss Iyer,AR Patel,KH Pandya,1,0,1,0,[],0,Not Out,None,61,4,130,69.0,65,Delhi Capitals,1,9,1,11,1,0.0,0.0,1,1,2021,0,0,0,9,11
1254112,2021-10-02,Sharjah Cricket Stadium,Mumbai Indians,Delhi Capitals,2,10,2,Ar Patel,SS Iyer,KH Pandya,1,0,1,0,[],0,Not Out,None,62,4,130,68.0,64,Delhi Capitals,1,2,9,2,11,0.0,0.0,1,1,2021,0,0,0,2,2
1254112,2021-10-02,Sharjah Cricket Stadium,Mumbai Indians,Delhi Capitals,2,10,3,Ss Iyer,AR Patel,KH Pandya,0,0,0,0,[],0,Not Out,None,62,4,130,68.0,63,Delhi Capitals,1,9,2,12,2,0.0,0.0,0,1,2021,0,0,1,9,12
1254112,2021-10-02,Sharjah Cricket Stadium,Mumbai Indians,Delhi Capitals,2,10,4,Ss Iyer,AR Patel,KH Pandya,1,0,1,0,[],0,Not Out,None,63,4,130,67.0,62,Delhi Capitals,1,10,2,13,2,0.0,0.0,1,1,2021,0,0,0,10,13
1254112,2021-10-02,Sharjah Cricket Stadium,Mumbai Indians,Delhi Capitals,2,10,5,Ar Patel,SS Iyer,KH Pandya,1,0,1,0,[],0,Not Out,None,64,4,130,66.0,61,Delhi Capitals,1,3,10,3,13,0.0,0.0,1,1,2021,0,0,0,3,3
1254112,2021-10-02,Sharjah Cricket Stadium,Mumbai Indians,Delhi Capitals,2,10,6,Ss Iyer,AR Patel,KH Pandya,1,0,1,0,[],0,Not Out,None,65,4,130,65.0,60,Delhi Capitals,1,11,3,14,3,0.0,0.0,1,1,2021,0,0,0,11,14
1254112,2021-10-02,Sharjah Cricket Stadium,Mumbai Indians,Delhi Capitals,2,11,1,Ss Iyer,AR Patel,KA Pollard,1,0,1,0,[],0,Not Out,None,66,4,130,64.0,59,Delhi Capitals,1,12,3,15,3,0.0,0.0,1,1,2021,0,0,0,12,15
1254112,2021-10-02,Sharjah Cricket Stadium,Mumbai Indians,Delhi Capitals,2,11,2,Ar Patel,SS Iyer,KA Pollard,0,1,1,1,['wides'],0,Not Out,None,67,4,130,63.0,59,Delhi Capitals,1,3,12,4,15,0.0,0.0,1,0,2021,0,0,0,3,4
1254112,2021-10-02,Sharjah Cricket Stadium,Mumbai Indians,Delhi Capitals,2,11,2,Ar Patel,SS Iyer,KA Pollard,0,0,0,0,[],0,Not Out,None,67,4,130,63.0,58,Delhi Capitals,1,3,12,5,15,0.0,0.0,0,1,2021,0,0,1,3,5
1254112,2021-10-02,Sharjah Cricket Stadium,Mumbai Indians,Delhi Capitals,2,11,3,Ar Patel,SS Iyer,KA Pollard,1,0,1,0,[],0,Not Out,None,68,4,130,62.0,57,Delhi Capitals,1,4,12,6,15,0.0,0.0,1,1,2021,0,0,0,4,6
1254112,2021-10-02,Sharjah Cricket Stadium,Mumbai Indians,Delhi Capitals,2,11,4,Ss Iyer,AR Patel,KA Pollard,0,1,1,1,['wides'],0,Not Out,None,69,4,130,61.0,57,Delhi Capitals,1,12,4,16,6,0.0,0.0,1,0,2021,0,0,0,12,16
1254112,2021-10-02,Sharjah Cricket Stadium,Mumbai Indians,Delhi Capitals,2,11,4,Ss Iyer,AR Patel,KA Pollard,1,0,1,0,[],0,Not Out,None,70,4,130,60.0,56,Delhi Capitals,1,13,4,17,6,0.0,0.0,1,1,2021,0,0,0,13,17
1254112,2021-10-02,Sharjah Cricket Stadium,Mumbai Indians,Delhi Capitals,2,11,5,Ar Patel,SS Iyer,KA Pollard,0,0,0,0,[],0,Not Out,None,70,4,130,60.0,55,Delhi Capitals,1,4,13,7,17,0.0,0.0,0,1,2021,0,0,1,4,7
1254112,2021-10-02,Sharjah Cricket Stadium,Mumbai Indians,Delhi Capitals,2,11,6,Ar Patel,SS Iyer,KA Pollard,4,0,4,0,[],0,Not Out,None,74,4,130,56.0,54,Delhi Capitals,1,8,13,8,17,0.0,0.0,4,1,2021,0,0,0,8,8
1254112,2021-10-02,Sharjah Cricket Stadium,Mumbai Indians,Delhi Capitals,2,12,1,Ss Iyer,AR Patel,TA Boult,1,0,1,0,[],0,Not Out,None,75,4,130,55.0,53,Delhi Capitals,1,14,8,18,8,0.0,0.0,1,1,2021,0,0,0,14,18
1254112,2021-10-02,Sharjah Cricket Stadium,Mumbai Indians,Delhi Capitals,2,12,2,Ar Patel,SS Iyer,TA Boult,1,0,1,0,[],0,Not Out,None,76,4,130,54.0,52,Delhi Capitals,1,9,14,9,18,0.0,0.0,1,1,2021,0,0,0,9,9
1254112,2021-10-02,Sharjah Cricket Stadium,Mumbai Indians,Delhi Capitals,2,12,3,Ss Iyer,AR Patel,TA Boult,1,0,1,0,[],0,Not Out,None,77,4,130,53.0,51,Delhi Capitals,1,15,9,19,9,0.0,0.0,1,1,2021,0,0,0,15,19
1254112,2021-10-02,Sharjah Cricket Stadium,Mumbai Indians,Delhi Capitals,2,12,4,Ar Patel,SS Iyer,TA Boult,0,0,0,0,[],1,lbw,AR Patel,77,5,130,53.0,50,Delhi Capitals,1,0,15,0,19,9.0,10.0,0,1,2021,0,1,1,9,10
1254112,2021-10-02,Sharjah Cricket Stadium,Mumbai Indians,Delhi Capitals,2,12,5,So Hetmyer,SS Iyer,TA Boult,2,0,2,0,[],0,Not Out,None,79,5,130,51.0,49,Delhi Capitals,1,2,15,1,19,0.0,0.0,2,1,2021,0,0,0,2,1
1254112,2021-10-02,Sharjah Cricket Stadium,Mumbai Indians,Delhi Capitals,2,12,6,So Hetmyer,SS Iyer,TA Boult,1,0,1,0,[],0,Not Out,None,80,5,130,50.0,48,Delhi Capitals,1,3,15,2,19,0.0,0.0,1,1,2021,0,0,0,3,2
1254112,2021-10-02,Sharjah Cricket Stadium,Mumbai Indians,Delhi Capitals,2,13,1,So Hetmyer,SS Iyer,J Yadav,4,0,4,0,[],0,Not Out,None,84,5,130,46.0,47,Delhi Capitals,1,7,15,3,19,0.0,0.0,4,1,2021,0,0,0,7,3
1254112,2021-10-02,Sharjah Cricket Stadium,Mumbai Indians,Delhi Capitals,2,13,2,So Hetmyer,SS Iyer,J Yadav,1,0,1,0,[],0,Not Out,None,85,5,130,45.0,46,Delhi Capitals,1,8,15,4,19,0.0,0.0,1,1,2021,0,0,0,8,4
1254112,2021-10-02,Sharjah Cricket Stadium,Mumbai Indians,Delhi Capitals,2,13,3,Ss Iyer,SO Hetmyer,J Yadav,1,0,1,0,[],0,Not Out,None,86,5,130,44.0,45,Delhi Capitals,1,16,8,20,4,0.0,0.0,1,1,2021,0,0,0,16,20
1254112,2021-10-02,Sharjah Cricket Stadium,Mumbai Indians,Delhi Capitals,2,13,4,So Hetmyer,SS Iyer,J Yadav,2,0,2,0,[],0,Not Out,None,88,5,130,42.0,44,Delhi Capitals,1,10,16,5,20,0.0,0.0,2,1,2021,0,0,0,10,5
1254112,2021-10-02,Sharjah Cricket Stadium,Mumbai Indians,Delhi Capitals,2,13,5,So Hetmyer,SS Iyer,J Yadav,4,0,4,0,[],0,Not Out,None,92,5,130,38.0,43,Delhi Capitals,1,14,16,6,20,0.0,0.0,4,1,2021,0,0,0,14,6
1254112,2021-10-02,Sharjah Cricket Stadium,Mumbai Indians,Delhi Capitals,2,13,6,So Hetmyer,SS Iyer,J Yadav,1,0,1,0,[],0,Not Out,None,93,5,130,37.0,42,Delhi Capitals,1,15,16,7,20,0.0,0.0,1,1,2021,0,0,0,15,7
1254112,2021-10-02,Sharjah Cricket Stadium,Mumbai Indians,Delhi Capitals,2,14,1,So Hetmyer,SS Iyer,JJ Bumrah,0,0,0,0,[],1,caught,SO Hetmyer,93,6,130,37.0,41,Delhi Capitals,1,0,16,0,20,15.0,8.0,0,1,2021,0,1,1,15,8
1254112,2021-10-02,Sharjah Cricket Stadium,Mumbai Indians,Delhi Capitals,2,14,2,R Ashwin,SS Iyer,JJ Bumrah,0,0,0,0,[],0,Not Out,None,93,6,130,37.0,40,Delhi Capitals,1,0,16,1,20,0.0,0.0,0,1,2021,0,0,1,0,1
1254112,2021-10-02,Sharjah Cricket Stadium,Mumbai Indians,Delhi Capitals,2,14,3,R Ashwin,SS Iyer,JJ Bumrah,0,0,0,0,[],0,Not Out,None,93,6,130,37.0,39,Delhi Capitals,1,0,16,2,20,0.0,0.0,0,1,2021,0,0,1,0,2
1254112,2021-10-02,Sharjah Cricket Stadium,Mumbai Indians,Delhi Capitals,2,14,4,R Ashwin,SS Iyer,JJ Bumrah,0,0,0,0,[],0,Not Out,None,93,6,130,37.0,38,Delhi Capitals,1,0,16,3,20,0.0,0.0,0,1,2021,0,0,1,0,3
1254112,2021-10-02,Sharjah Cricket Stadium,Mumbai Indians,Delhi Capitals,2,14,5,R Ashwin,SS Iyer,JJ Bumrah,0,0,0,0,[],0,Not Out,None,93,6,130,37.0,37,Delhi Capitals,1,0,16,4,20,0.0,0.0,0,1,2021,0,0,1,0,4
1254112,2021-10-02,Sharjah Cricket Stadium,Mumbai Indians,Delhi Capitals,2,14,6,R Ashwin,SS Iyer,JJ Bumrah,1,0,1,0,[],0,Not Out,None,94,6,130,36.0,36,Delhi Capitals,1,1,16,5,20,0.0,0.0,1,1,2021,0,0,0,1,5
1254112,2021-10-02,Sharjah Cricket Stadium,Mumbai Indians,Delhi Capitals,2,15,1,R Ashwin,SS Iyer,NM Coulter-Nile,0,0,0,0,[],0,Not Out,None,94,6,130,36.0,35,Delhi Capitals,1,1,16,6,20,0.0,0.0,0,1,2021,0,0,1,1,6
1254112,2021-10-02,Sharjah Cricket Stadium,Mumbai Indians,Delhi Capitals,2,15,2,R Ashwin,SS Iyer,NM Coulter-Nile,2,0,2,0,[],0,Not Out,None,96,6,130,34.0,34,Delhi Capitals,1,3,16,7,20,0.0,0.0,2,1,2021,0,0,0,3,7
1254112,2021-10-02,Sharjah Cricket Stadium,Mumbai Indians,Delhi Capitals,2,15,3,R Ashwin,SS Iyer,NM Coulter-Nile,1,0,1,0,[],0,Not Out,None,97,6,130,33.0,33,Delhi Capitals,1,4,16,8,20,0.0,0.0,1,1,2021,0,0,0,4,8
1254112,2021-10-02,Sharjah Cricket Stadium,Mumbai Indians,Delhi Capitals,2,15,4,Ss Iyer,R Ashwin,NM Coulter-Nile,1,0,1,0,[],0,Not Out,None,98,6,130,32.0,32,Delhi Capitals,1,17,4,21,8,0.0,0.0,1,1,2021,0,0,0,17,21
1254112,2021-10-02,Sharjah Cricket Stadium,Mumbai Indians,Delhi Capitals,2,15,5,R Ashwin,SS Iyer,NM Coulter-Nile,1,0,1,0,[],0,Not Out,None,99,6,130,31.0,31,Delhi Capitals,1,5,17,9,21,0.0,0.0,1,1,2021,0,0,0,5,9
1254112,2021-10-02,Sharjah Cricket Stadium,Mumbai Indians,Delhi Capitals,2,15,6,Ss Iyer,R Ashwin,NM Coulter-Nile,0,1,1,0,['legbyes'],0,Not Out,None,100,6,130,30.0,30,Delhi Capitals,1,17,5,22,9,0.0,0.0,0,1,2021,0,0,0,17,22
1254112,2021-10-02,Sharjah Cricket Stadium,Mumbai Indians,Delhi Capitals,2,16,1,Ss Iyer,R Ashwin,TA Boult,0,0,0,0,[],0,Not Out,None,100,6,130,30.0,29,Delhi Capitals,1,17,5,23,9,0.0,0.0,0,1,2021,0,0,1,17,23
1254112,2021-10-02,Sharjah Cricket Stadium,Mumbai Indians,Delhi Capitals,2,16,2,Ss Iyer,R Ashwin,TA Boult,0,1,1,1,['wides'],0,Not Out,None,101,6,130,29.0,29,Delhi Capitals,1,17,5,23,9,0.0,0.0,1,0,2021,0,0,0,17,24
1254112,2021-10-02,Sharjah Cricket Stadium,Mumbai Indians,Delhi Capitals,2,16,2,Ss Iyer,R Ashwin,TA Boult,0,0,0,0,[],0,Not Out,None,101,6,130,29.0,28,Delhi Capitals,1,17,5,24,9,0.0,0.0,0,1,2021,0,0,1,17,25
1254112,2021-10-02,Sharjah Cricket Stadium,Mumbai Indians,Delhi Capitals,2,16,3,Ss Iyer,R Ashwin,TA Boult,1,0,1,0,[],0,Not Out,None,102,6,130,28.0,27,Delhi Capitals,1,18,5,25,9,0.0,0.0,1,1,2021,0,0,0,18,26
1254112,2021-10-02,Sharjah Cricket Stadium,Mumbai Indians,Delhi Capitals,2,16,4,R Ashwin,SS Iyer,TA Boult,1,0,1,0,[],0,Not Out,None,103,6,130,27.0,26,Delhi Capitals,1,6,18,10,25,0.0,0.0,1,1,2021,0,0,0,6,10
1254112,2021-10-02,Sharjah Cricket Stadium,Mumbai Indians,Delhi Capitals,2,16,5,Ss Iyer,R Ashwin,TA Boult,1,0,1,0,[],0,Not Out,None,104,6,130,26.0,25,Delhi Capitals,1,19,6,26,10,0.0,0.0,1,1,2021,0,0,0,19,27
1254112,2021-10-02,Sharjah Cricket Stadium,Mumbai Indians,Delhi Capitals,2,16,6,R Ashwin,SS Iyer,TA Boult,1,0,1,0,[],0,Not Out,None,105,6,130,25.0,24,Delhi Capitals,1,7,19,11,26,0.0,0.0,1,1,2021,0,0,0,7,11
1254112,2021-10-02,Sharjah Cricket Stadium,Mumbai Indians,Delhi Capitals,2,17,1,R Ashwin,SS Iyer,NM Coulter-Nile,1,0,1,0,[],0,Not Out,None,106,6,130,24.0,23,Delhi Capitals,1,8,19,12,26,0.0,0.0,1,1,2021,0,0,0,8,12
1254112,2021-10-02,Sharjah Cricket Stadium,Mumbai Indians,Delhi Capitals,2,17,2,Ss Iyer,R Ashwin,NM Coulter-Nile,0,0,0,0,[],0,Not Out,None,106,6,130,24.0,22,Delhi Capitals,1,19,8,27,12,0.0,0.0,0,1,2021,0,0,1,19,28
1254112,2021-10-02,Sharjah Cricket Stadium,Mumbai Indians,Delhi Capitals,2,17,3,Ss Iyer,R Ashwin,NM Coulter-Nile,4,0,4,0,[],0,Not Out,None,110,6,130,20.0,21,Delhi Capitals,1,23,8,28,12,0.0,0.0,4,1,2021,0,0,0,23,29
1254112,2021-10-02,Sharjah Cricket Stadium,Mumbai Indians,Delhi Capitals,2,17,4,Ss Iyer,R Ashwin,NM Coulter-Nile,1,0,1,0,[],0,Not Out,None,111,6,130,19.0,20,Delhi Capitals,1,24,8,29,12,0.0,0.0,1,1,2021,0,0,0,24,30
1254112,2021-10-02,Sharjah Cricket Stadium,Mumbai Indians,Delhi Capitals,2,17,5,R Ashwin,SS Iyer,NM Coulter-Nile,0,0,0,0,[],0,Not Out,None,111,6,130,19.0,19,Delhi Capitals,1,8,24,13,29,0.0,0.0,0,1,2021,0,0,1,8,13
1254112,2021-10-02,Sharjah Cricket Stadium,Mumbai Indians,Delhi Capitals,2,17,6,R Ashwin,SS Iyer,NM Coulter-Nile,0,0,0,0,[],0,Not Out,None,111,6,130,19.0,18,Delhi Capitals,1,8,24,14,29,0.0,0.0,0,1,2021,0,0,1,8,14
1254112,2021-10-02,Sharjah Cricket Stadium,Mumbai Indians,Delhi Capitals,2,18,1,Ss Iyer,R Ashwin,JJ Bumrah,0,0,0,0,[],0,Not Out,None,111,6,130,19.0,17,Delhi Capitals,1,24,8,30,14,0.0,0.0,0,1,2021,0,0,1,24,31
1254112,2021-10-02,Sharjah Cricket Stadium,Mumbai Indians,Delhi Capitals,2,18,2,Ss Iyer,R Ashwin,JJ Bumrah,1,0,1,0,[],0,Not Out,None,112,6,130,18.0,16,Delhi Capitals,1,25,8,31,14,0.0,0.0,1,1,2021,0,0,0,25,32
1254112,2021-10-02,Sharjah Cricket Stadium,Mumbai Indians,Delhi Capitals,2,18,3,R Ashwin,SS Iyer,JJ Bumrah,1,0,1,0,[],0,Not Out,None,113,6,130,17.0,15,Delhi Capitals,1,9,25,15,31,0.0,0.0,1,1,2021,0,0,0,9,15
1254112,2021-10-02,Sharjah Cricket Stadium,Mumbai Indians,Delhi Capitals,2,18,4,Ss Iyer,R Ashwin,JJ Bumrah,1,0,1,0,[],0,Not Out,None,114,6,130,16.0,14,Delhi Capitals,1,26,9,32,15,0.0,0.0,1,1,2021,0,0,0,26,33
1254112,2021-10-02,Sharjah Cricket Stadium,Mumbai Indians,Delhi Capitals,2,18,5,R Ashwin,SS Iyer,JJ Bumrah,1,0,1,0,[],0,Not Out,None,115,6,130,15.0,13,Delhi Capitals,1,10,26,16,32,0.0,0.0,1,1,2021,0,0,0,10,16
1254112,2021-10-02,Sharjah Cricket Stadium,Mumbai Indians,Delhi Capitals,2,18,6,Ss Iyer,R Ashwin,JJ Bumrah,4,0,4,0,[],0,Not Out,None,119,6,130,11.0,12,Delhi Capitals,1,30,10,33,16,0.0,0.0,4,1,2021,0,0,0,30,34
1254112,2021-10-02,Sharjah Cricket Stadium,Mumbai Indians,Delhi Capitals,2,19,1,R Ashwin,SS Iyer,TA Boult,0,0,0,0,[],0,Not Out,None,119,6,130,11.0,11,Delhi Capitals,1,10,30,17,33,0.0,0.0,0,1,2021,0,0,1,10,17
1254112,2021-10-02,Sharjah Cricket Stadium,Mumbai Indians,Delhi Capitals,2,19,2,R Ashwin,SS Iyer,TA Boult,2,0,2,0,[],0,Not Out,None,121,6,130,9.0,10,Delhi Capitals,1,12,30,18,33,0.0,0.0,2,1,2021,0,0,0,12,18
1254112,2021-10-02,Sharjah Cricket Stadium,Mumbai Indians,Delhi Capitals,2,19,3,R Ashwin,SS Iyer,TA Boult,1,0,1,0,[],0,Not Out,None,122,6,130,8.0,9,Delhi Capitals,1,13,30,19,33,0.0,0.0,1,1,2021,0,0,0,13,19
1254112,2021-10-02,Sharjah Cricket Stadium,Mumbai Indians,Delhi Capitals,2,19,4,Ss Iyer,R Ashwin,TA Boult,2,0,2,0,[],0,Not Out,None,124,6,130,6.0,8,Delhi Capitals,1,32,13,34,19,0.0,0.0,2,1,2021,0,0,0,32,35
1254112,2021-10-02,Sharjah Cricket Stadium,Mumbai Indians,Delhi Capitals,2,19,5,Ss Iyer,R Ashwin,TA Boult,1,0,1,0,[],0,Not Out,None,125,6,130,5.0,7,Delhi Capitals,1,33,13,35,19,0.0,0.0,1,1,2021,0,0,0,33,36
1254112,2021-10-02,Sharjah Cricket Stadium,Mumbai Indians,Delhi Capitals,2,19,6,R Ashwin,SS Iyer,TA Boult,1,0,1,0,[],0,Not Out,None,126,6,130,4.0,6,Delhi Capitals,1,14,33,20,35,0.0,0.0,1,1,2021,0,0,0,14,20
1254112,2021-10-02,Sharjah Cricket Stadium,Mumbai Indians,Delhi Capitals,2,20,1,R Ashwin,SS Iyer,KH Pandya,6,0,6,0,[],0,Not Out,None,132,6,130,-2.0,5,Delhi Capitals,1,20,33,21,35,0.0,0.0,6,1,2021,1,0,0,20,21
829817,2015-05-19,Wankhede Stadium,Mumbai Indians,Chennai Super Kings,1,1,1,Lmp Simmons,PA Patel,R Ashwin,1,0,1,0,[],0,Not Out,None,1,0,188,0.0,119,Mumbai Indians,0,1,0,1,0,0.0,0.0,1,1,2015,0,0,0,1,1
829817,2015-05-19,Wankhede Stadium,Mumbai Indians,Chennai Super Kings,1,1,2,Pa Patel,LMP Simmons,R Ashwin,0,0,0,0,[],0,Not Out,None,1,0,188,0.0,118,Mumbai Indians,0,0,1,1,1,0.0,0.0,0,1,2015,0,0,1,0,1
829817,2015-05-19,Wankhede Stadium,Mumbai Indians,Chennai Super Kings,1,1,3,Pa Patel,LMP Simmons,R Ashwin,0,0,0,0,[],0,Not Out,None,1,0,188,0.0,117,Mumbai Indians,0,0,1,2,1,0.0,0.0,0,1,2015,0,0,1,0,2
829817,2015-05-19,Wankhede Stadium,Mumbai Indians,Chennai Super Kings,1,1,4,Pa Patel,LMP Simmons,R Ashwin,4,0,4,0,[],0,Not Out,None,5,0,188,0.0,116,Mumbai Indians,0,4,1,3,1,0.0,0.0,4,1,2015,0,0,0,4,3
829817,2015-05-19,Wankhede Stadium,Mumbai Indians,Chennai Super Kings,1,1,5,Pa Patel,LMP Simmons,R Ashwin,0,0,0,0,[],0,Not Out,None,5,0,188,0.0,115,Mumbai Indians,0,4,1,4,1,0.0,0.0,0,1,2015,0,0,1,4,4
829817,2015-05-19,Wankhede Stadium,Mumbai Indians,Chennai Super Kings,1,1,6,Pa Patel,LMP Simmons,R Ashwin,0,0,0,0,[],0,Not Out,None,5,0,188,0.0,114,Mumbai Indians,0,4,1,5,1,0.0,0.0,0,1,2015,0,0,1,4,5
829817,2015-05-19,Wankhede Stadium,Mumbai Indians,Chennai Super Kings,1,2,1,Lmp Simmons,PA Patel,A Nehra,0,0,0,0,[],0,Not Out,None,5,0,188,0.0,113,Mumbai Indians,0,1,4,2,5,0.0,0.0,0,1,2015,0,0,1,1,2
829817,2015-05-19,Wankhede Stadium,Mumbai Indians,Chennai Super Kings,1,2,2,Lmp Simmons,PA Patel,A Nehra,0,0,0,0,[],0,Not Out,None,5,0,188,0.0,112,Mumbai Indians,0,1,4,3,5,0.0,0.0,0,1,2015,0,0,1,1,3
829817,2015-05-19,Wankhede Stadium,Mumbai Indians,Chennai Super Kings,1,2,3,Lmp Simmons,PA Patel,A Nehra,0,0,0,0,[],0,Not Out,None,5,0,188,0.0,111,Mumbai Indians,0,1,4,4,5,0.0,0.0,0,1,2015,0,0,1,1,4
829817,2015-05-19,Wankhede Stadium,Mumbai Indians,Chennai Super Kings,1,2,4,Lmp Simmons,PA Patel,A Nehra,0,0,0,0,[],0,Not Out,None,5,0,188,0.0,110,Mumbai Indians,0,1,4,5,5,0.0,0.0,0,1,2015,0,0,1,1,5
829817,2015-05-19,Wankhede Stadium,Mumbai Indians,Chennai Super Kings,1,2,5,Lmp Simmons,PA Patel,A Nehra,0,1,1,1,['wides'],0,Not Out,None,6,0,188,0.0,110,Mumbai Indians,0,1,4,5,5,0.0,0.0,1,0,2015,0,0,0,1,6
829817,2015-05-19,Wankhede Stadium,Mumbai Indians,Chennai Super Kings,1,2,5,Lmp Simmons,PA Patel,A Nehra,0,1,1,1,['wides'],0,Not Out,None,7,0,188,0.0,110,Mumbai Indians,0,1,4,5,5,0.0,0.0,1,0,2015,0,0,0,1,7
829817,2015-05-19,Wankhede Stadium,Mumbai Indians,Chennai Super Kings,1,2,5,Lmp Simmons,PA Patel,A Nehra,0,0,0,0,[],0,Not Out,None,7,0,188,0.0,109,Mumbai Indians,0,1,4,6,5,0.0,0.0,0,1,2015,0,0,1,1,8
829817,2015-05-19,Wankhede Stadium,Mumbai Indians,Chennai Super Kings,1,2,6,Lmp Simmons,PA Patel,A Nehra,4,0,4,0,[],0,Not Out,None,11,0,188,0.0,108,Mumbai Indians,0,5,4,7,5,0.0,0.0,4,1,2015,0,0,0,5,9
829817,2015-05-19,Wankhede Stadium,Mumbai Indians,Chennai Super Kings,1,3,1,Pa Patel,LMP Simmons,R Ashwin,1,0,1,0,[],0,Not Out,None,12,0,188,0.0,107,Mumbai Indians,0,5,5,6,7,0.0,0.0,1,1,2015,0,0,0,5,6
829817,2015-05-19,Wankhede Stadium,Mumbai Indians,Chennai Super Kings,1,3,2,Lmp Simmons,PA Patel,R Ashwin,0,0,0,0,[],0,Not Out,None,12,0,188,0.0,106,Mumbai Indians,0,5,5,8,6,0.0,0.0,0,1,2015,0,0,1,5,10
829817,2015-05-19,Wankhede Stadium,Mumbai Indians,Chennai Super Kings,1,3,3,Lmp Simmons,PA Patel,R Ashwin,1,0,1,0,[],0,Not Out,None,13,0,188,0.0,105,Mumbai Indians,0,6,5,9,6,0.0,0.0,1,1,2015,0,0,0,6,11
829817,2015-05-19,Wankhede Stadium,Mumbai Indians,Chennai Super Kings,1,3,4,Pa Patel,LMP Simmons,R Ashwin,1,0,1,0,[],0,Not Out,None,14,0,188,0.0,104,Mumbai Indians,0,6,6,7,9,0.0,0.0,1,1,2015,0,0,0,6,7
829817,2015-05-19,Wankhede Stadium,Mumbai Indians,Chennai Super Kings,1,3,5,Lmp Simmons,PA Patel,R Ashwin,1,0,1,0,[],0,Not Out,None,15,0,188,0.0,103,Mumbai Indians,0,7,6,10,7,0.0,0.0,1,1,2015,0,0,0,7,12
829817,2015-05-19,Wankhede Stadium,Mumbai Indians,Chennai Super Kings,1,3,6,Pa Patel,LMP Simmons,R Ashwin,0,0,0,0,[],0,Not Out,None,15,0,188,0.0,102,Mumbai Indians,0,6,7,8,10,0.0,0.0,0,1,2015,0,0,1,6,8
829817,2015-05-19,Wankhede Stadium,Mumbai Indians,Chennai Super Kings,1,4,1,Lmp Simmons,PA Patel,A Nehra,4,0,4,0,[],0,Not Out,None,19,0,188,0.0,101,Mumbai Indians,0,11,6,11,8,0.0,0.0,4,1,2015,0,0,0,11,13
829817,2015-05-19,Wankhede Stadium,Mumbai Indians,Chennai Super Kings,1,4,2,Lmp Simmons,PA Patel,A Nehra,0,0,0,0,[],0,Not Out,None,19,0,188,0.0,100,Mumbai Indians,0,11,6,12,8,0.0,0.0,0,1,2015,0,0,1,11,14
829817,2015-05-19,Wankhede Stadium,Mumbai Indians,Chennai Super Kings,1,4,3,Lmp Simmons,PA Patel,A Nehra,0,0,0,0,[],0,Not Out,None,19,0,188,0.0,99,Mumbai Indians,0,11,6,13,8,0.0,0.0,0,1,2015,0,0,1,11,15
829817,2015-05-19,Wankhede Stadium,Mumbai Indians,Chennai Super Kings,1,4,4,Lmp Simmons,PA Patel,A Nehra,2,0,2,0,[],0,Not Out,None,21,0,188,0.0,98,Mumbai Indians,0,13,6,14,8,0.0,0.0,2,1,2015,0,0,0,13,16
829817,2015-05-19,Wankhede Stadium,Mumbai Indians,Chennai Super Kings,1,4,5,Lmp Simmons,PA Patel,A Nehra,0,0,0,0,[],0,Not Out,None,21,0,188,0.0,97,Mumbai Indians,0,13,6,15,8,0.0,0.0,0,1,2015,0,0,1,13,17
829817,2015-05-19,Wankhede Stadium,Mumbai Indians,Chennai Super Kings,1,4,6,Lmp Simmons,PA Patel,A Nehra,0,1,1,1,['noballs'],0,Not Out,None,22,0,188,0.0,97,Mumbai Indians,0,13,6,15,8,0.0,0.0,1,0,2015,0,0,0,13,18
829817,2015-05-19,Wankhede Stadium,Mumbai Indians,Chennai Super Kings,1,4,6,Lmp Simmons,PA Patel,A Nehra,0,0,0,0,[],0,Not Out,None,22,0,188,0.0,96,Mumbai Indians,0,13,6,16,8,0.0,0.0,0,1,2015,0,0,1,13,19
829817,2015-05-19,Wankhede Stadium,Mumbai Indians,Chennai Super Kings,1,5,1,Pa Patel,LMP Simmons,R Ashwin,1,0,1,0,[],0,Not Out,None,23,0,188,0.0,95,Mumbai Indians,0,7,13,9,16,0.0,0.0,1,1,2015,0,0,0,7,9
829817,2015-05-19,Wankhede Stadium,Mumbai Indians,Chennai Super Kings,1,5,2,Lmp Simmons,PA Patel,R Ashwin,0,0,0,0,[],0,Not Out,None,23,0,188,0.0,94,Mumbai Indians,0,13,7,17,9,0.0,0.0,0,1,2015,0,0,1,13,20
829817,2015-05-19,Wankhede Stadium,Mumbai Indians,Chennai Super Kings,1,5,3,Lmp Simmons,PA Patel,R Ashwin,6,0,6,0,[],0,Not Out,None,29,0,188,0.0,93,Mumbai Indians,0,19,7,18,9,0.0,0.0,6,1,2015,1,0,0,19,21
829817,2015-05-19,Wankhede Stadium,Mumbai Indians,Chennai Super Kings,1,5,4,Lmp Simmons,PA Patel,R Ashwin,0,0,0,0,[],0,Not Out,None,29,0,188,0.0,92,Mumbai Indians,0,19,7,19,9,0.0,0.0,0,1,2015,0,0,1,19,22
829817,2015-05-19,Wankhede Stadium,Mumbai Indians,Chennai Super Kings,1,5,5,Lmp Simmons,PA Patel,R Ashwin,6,0,6,0,[],0,Not Out,None,35,0,188,0.0,91,Mumbai Indians,0,25,7,20,9,0.0,0.0,6,1,2015,1,0,0,25,23
829817,2015-05-19,Wankhede Stadium,Mumbai Indians,Chennai Super Kings,1,5,6,Lmp Simmons,PA Patel,R Ashwin,0,0,0,0,[],0,Not Out,None,35,0,188,0.0,90,Mumbai Indians,0,25,7,21,9,0.0,0.0,0,1,2015,0,0,1,25,24
829817,2015-05-19,Wankhede Stadium,Mumbai Indians,Chennai Super Kings,1,6,1,Pa Patel,LMP Simmons,A Nehra,0,0,0,0,[],0,Not Out,None,35,0,188,0.0,89,Mumbai Indians,0,7,25,10,21,0.0,0.0,0,1,2015,0,0,1,7,10
829817,2015-05-19,Wankhede Stadium,Mumbai Indians,Chennai Super Kings,1,6,2,Pa Patel,LMP Simmons,A Nehra,4,0,4,0,[],0,Not Out,None,39,0,188,0.0,88,Mumbai Indians,0,11,25,11,21,0.0,0.0,4,1,2015,0,0,0,11,11
829817,2015-05-19,Wankhede Stadium,Mumbai Indians,Chennai Super Kings,1,6,3,Pa Patel,LMP Simmons,A Nehra,1,0,1,0,[],0,Not Out,None,40,0,188,0.0,87,Mumbai Indians,0,12,25,12,21,0.0,0.0,1,1,2015,0,0,0,12,12
829817,2015-05-19,Wankhede Stadium,Mumbai Indians,Chennai Super Kings,1,6,4,Lmp Simmons,PA Patel,A Nehra,0,0,0,0,[],0,Not Out,None,40,0,188,0.0,86,Mumbai Indians,0,25,12,22,12,0.0,0.0,0,1,2015,0,0,1,25,25
829817,2015-05-19,Wankhede Stadium,Mumbai Indians,Chennai Super Kings,1,6,5,Lmp Simmons,PA Patel,A Nehra,6,0,6,0,[],0,Not Out,None,46,0,188,0.0,85,Mumbai Indians,0,31,12,23,12,0.0,0.0,6,1,2015,1,0,0,31,26
829817,2015-05-19,Wankhede Stadium,Mumbai Indians,Chennai Super Kings,1,6,6,Lmp Simmons,PA Patel,A Nehra,2,0,2,0,[],0,Not Out,None,48,0,188,0.0,84,Mumbai Indians,0,33,12,24,12,0.0,0.0,2,1,2015,0,0,0,33,27
829817,2015-05-19,Wankhede Stadium,Mumbai Indians,Chennai Super Kings,1,7,1,Pa Patel,LMP Simmons,P Negi,1,0,1,0,[],0,Not Out,None,49,0,188,0.0,83,Mumbai Indians,0,13,33,13,24,0.0,0.0,1,1,2015,0,0,0,13,13
829817,2015-05-19,Wankhede Stadium,Mumbai Indians,Chennai Super Kings,1,7,2,Lmp Simmons,PA Patel,P Negi,1,0,1,0,[],0,Not Out,None,50,0,188,0.0,82,Mumbai Indians,0,34,13,25,13,0.0,0.0,1,1,2015,0,0,0,34,28
829817,2015-05-19,Wankhede Stadium,Mumbai Indians,Chennai Super Kings,1,7,3,Pa Patel,LMP Simmons,P Negi,1,0,1,0,[],0,Not Out,None,51,0,188,0.0,81,Mumbai Indians,0,14,34,14,25,0.0,0.0,1,1,2015,0,0,0,14,14
829817,2015-05-19,Wankhede Stadium,Mumbai Indians,Chennai Super Kings,1,7,4,Lmp Simmons,PA Patel,P Negi,0,0,0,0,[],0,Not Out,None,51,0,188,0.0,80,Mumbai Indians,0,34,14,26,14,0.0,0.0,0,1,2015,0,0,1,34,29
829817,2015-05-19,Wankhede Stadium,Mumbai Indians,Chennai Super Kings,1,7,5,Lmp Simmons,PA Patel,P Negi,1,0,1,0,[],0,Not Out,None,52,0,188,0.0,79,Mumbai Indians,0,35,14,27,14,0.0,0.0,1,1,2015,0,0,0,35,30
829817,2015-05-19,Wankhede Stadium,Mumbai Indians,Chennai Super Kings,1,7,6,Pa Patel,LMP Simmons,P Negi,1,0,1,0,[],0,Not Out,None,53,0,188,0.0,78,Mumbai Indians,0,15,35,15,27,0.0,0.0,1,1,2015,0,0,0,15,15
829817,2015-05-19,Wankhede Stadium,Mumbai Indians,Chennai Super Kings,1,8,1,Pa Patel,LMP Simmons,RA Jadeja,1,0,1,0,[],0,Not Out,None,54,0,188,0.0,77,Mumbai Indians,0,16,35,16,27,0.0,0.0,1,1,2015,0,0,0,16,16
829817,2015-05-19,Wankhede Stadium,Mumbai Indians,Chennai Super Kings,1,8,2,Lmp Simmons,PA Patel,RA Jadeja,0,0,0,0,[],0,Not Out,None,54,0,188,0.0,76,Mumbai Indians,0,35,16,28,16,0.0,0.0,0,1,2015,0,0,1,35,31
829817,2015-05-19,Wankhede Stadium,Mumbai Indians,Chennai Super Kings,1,8,3,Lmp Simmons,PA Patel,RA Jadeja,6,0,6,0,[],0,Not Out,None,60,0,188,0.0,75,Mumbai Indians,0,41,16,29,16,0.0,0.0,6,1,2015,1,0,0,41,32
829817,2015-05-19,Wankhede Stadium,Mumbai Indians,Chennai Super Kings,1,8,4,Lmp Simmons,PA Patel,RA Jadeja,2,0,2,0,[],0,Not Out,None,62,0,188,0.0,74,Mumbai Indians,0,43,16,30,16,0.0,0.0,2,1,2015,0,0,0,43,33
829817,2015-05-19,Wankhede Stadium,Mumbai Indians,Chennai Super Kings,1,8,5,Lmp Simmons,PA Patel,RA Jadeja,0,0,0,0,[],0,Not Out,None,62,0,188,0.0,73,Mumbai Indians,0,43,16,31,16,0.0,0.0,0,1,2015,0,0,1,43,34
829817,2015-05-19,Wankhede Stadium,Mumbai Indians,Chennai Super Kings,1,8,6,Lmp Simmons,PA Patel,RA Jadeja,0,0,0,0,[],0,Not Out,None,62,0,188,0.0,72,Mumbai Indians,0,43,16,32,16,0.0,0.0,0,1,2015,0,0,1,43,35
829817,2015-05-19,Wankhede Stadium,Mumbai Indians,Chennai Super Kings,1,9,1,Pa Patel,LMP Simmons,P Negi,6,0,6,0,[],0,Not Out,None,68,0,188,0.0,71,Mumbai Indians,0,22,43,17,32,0.0,0.0,6,1,2015,1,0,0,22,17
829817,2015-05-19,Wankhede Stadium,Mumbai Indians,Chennai Super Kings,1,9,2,Pa Patel,LMP Simmons,P Negi,4,0,4,0,[],0,Not Out,None,72,0,188,0.0,70,Mumbai Indians,0,26,43,18,32,0.0,0.0,4,1,2015,0,0,0,26,18
829817,2015-05-19,Wankhede Stadium,Mumbai Indians,Chennai Super Kings,1,9,3,Pa Patel,LMP Simmons,P Negi,4,0,4,0,[],0,Not Out,None,76,0,188,0.0,69,Mumbai Indians,0,30,43,19,32,0.0,0.0,4,1,2015,0,0,0,30,19
829817,2015-05-19,Wankhede Stadium,Mumbai Indians,Chennai Super Kings,1,9,4,Pa Patel,LMP Simmons,P Negi,0,0,0,0,[],0,Not Out,None,76,0,188,0.0,68,Mumbai Indians,0,30,43,20,32,0.0,0.0,0,1,2015,0,0,1,30,20
829817,2015-05-19,Wankhede Stadium,Mumbai Indians,Chennai Super Kings,1,9,5,Pa Patel,LMP Simmons,P Negi,1,0,1,0,[],0,Not Out,None,77,0,188,0.0,67,Mumbai Indians,0,31,43,21,32,0.0,0.0,1,1,2015,0,0,0,31,21
829817,2015-05-19,Wankhede Stadium,Mumbai Indians,Chennai Super Kings,1,9,6,Lmp Simmons,PA Patel,P Negi,1,0,1,0,[],0,Not Out,None,78,0,188,0.0,66,Mumbai Indians,0,44,31,33,21,0.0,0.0,1,1,2015,0,0,0,44,36
829817,2015-05-19,Wankhede Stadium,Mumbai Indians,Chennai Super Kings,1,10,1,Lmp Simmons,PA Patel,MM Sharma,4,0,4,0,[],0,Not Out,None,82,0,188,0.0,65,Mumbai Indians,0,48,31,34,21,0.0,0.0,4,1,2015,0,0,0,48,37
829817,2015-05-19,Wankhede Stadium,Mumbai Indians,Chennai Super Kings,1,10,2,Lmp Simmons,PA Patel,MM Sharma,1,0,1,0,[],0,Not Out,None,83,0,188,0.0,64,Mumbai Indians,0,49,31,35,21,0.0,0.0,1,1,2015,0,0,0,49,38
829817,2015-05-19,Wankhede Stadium,Mumbai Indians,Chennai Super Kings,1,10,3,Pa Patel,LMP Simmons,MM Sharma,1,0,1,0,[],0,Not Out,None,84,0,188,0.0,63,Mumbai Indians,0,32,49,22,35,0.0,0.0,1,1,2015,0,0,0,32,22
829817,2015-05-19,Wankhede Stadium,Mumbai Indians,Chennai Super Kings,1,10,4,Lmp Simmons,PA Patel,MM Sharma,0,0,0,0,[],0,Not Out,None,84,0,188,0.0,62,Mumbai Indians,0,49,32,36,22,0.0,0.0,0,1,2015,0,0,1,49,39
829817,2015-05-19,Wankhede Stadium,Mumbai Indians,Chennai Super Kings,1,10,5,Lmp Simmons,PA Patel,MM Sharma,2,0,2,0,[],0,Not Out,None,86,0,188,0.0,61,Mumbai Indians,0,51,32,37,22,0.0,0.0,2,1,2015,0,0,0,51,40
829817,2015-05-19,Wankhede Stadium,Mumbai Indians,Chennai Super Kings,1,10,6,Lmp Simmons,PA Patel,MM Sharma,0,0,0,0,[],0,Not Out,None,86,0,188,0.0,60,Mumbai Indians,0,51,32,38,22,0.0,0.0,0,1,2015,0,0,1,51,41
829817,2015-05-19,Wankhede Stadium,Mumbai Indians,Chennai Super Kings,1,11,1,Pa Patel,LMP Simmons,DJ Bravo,2,0,2,0,[],0,Not Out,None,88,0,188,0.0,59,Mumbai Indians,0,34,51,23,38,0.0,0.0,2,1,2015,0,0,0,34,23
829817,2015-05-19,Wankhede Stadium,Mumbai Indians,Chennai Super Kings,1,11,2,Pa Patel,LMP Simmons,DJ Bravo,1,0,1,0,[],0,Not Out,None,89,0,188,0.0,58,Mumbai Indians,0,35,51,24,38,0.0,0.0,1,1,2015,0,0,0,35,24
829817,2015-05-19,Wankhede Stadium,Mumbai Indians,Chennai Super Kings,1,11,3,Lmp Simmons,PA Patel,DJ Bravo,1,0,1,0,[],0,Not Out,None,90,0,188,0.0,57,Mumbai Indians,0,52,35,39,24,0.0,0.0,1,1,2015,0,0,0,52,42
829817,2015-05-19,Wankhede Stadium,Mumbai Indians,Chennai Super Kings,1,11,4,Pa Patel,LMP Simmons,DJ Bravo,0,0,0,0,[],1,caught,PA Patel,90,1,188,0.0,56,Mumbai Indians,0,0,52,0,39,35.0,25.0,0,1,2015,0,1,1,35,25
829817,2015-05-19,Wankhede Stadium,Mumbai Indians,Chennai Super Kings,1,11,5,Lmp Simmons,RG Sharma,DJ Bravo,0,0,0,0,[],0,Not Out,None,90,1,188,0.0,55,Mumbai Indians,0,52,0,40,0,0.0,0.0,0,1,2015,0,0,1,52,43
829817,2015-05-19,Wankhede Stadium,Mumbai Indians,Chennai Super Kings,1,11,6,Lmp Simmons,RG Sharma,DJ Bravo,1,0,1,0,[],0,Not Out,None,91,1,188,0.0,54,Mumbai Indians,0,53,0,41,0,0.0,0.0,1,1,2015,0,0,0,53,44
829817,2015-05-19,Wankhede Stadium,Mumbai Indians,Chennai Super Kings,1,12,1,Lmp Simmons,RG Sharma,MM Sharma,1,0,1,0,[],0,Not Out,None,92,1,188,0.0,53,Mumbai Indians,0,54,0,42,0,0.0,0.0,1,1,2015,0,0,0,54,45
829817,2015-05-19,Wankhede Stadium,Mumbai Indians,Chennai Super Kings,1,12,2,Rg Sharma,LMP Simmons,MM Sharma,1,0,1,0,[],0,Not Out,None,93,1,188,0.0,52,Mumbai Indians,0,1,54,1,42,0.0,0.0,1,1,2015,0,0,0,1,1
829817,2015-05-19,Wankhede Stadium,Mumbai Indians,Chennai Super Kings,1,12,3,Lmp Simmons,RG Sharma,MM Sharma,0,0,0,0,[],0,Not Out,None,93,1,188,0.0,51,Mumbai Indians,0,54,1,43,1,0.0,0.0,0,1,2015,0,0,1,54,46
829817,2015-05-19,Wankhede Stadium,Mumbai Indians,Chennai Super Kings,1,12,4,Lmp Simmons,RG Sharma,MM Sharma,6,0,6,0,[],0,Not Out,None,99,1,188,0.0,50,Mumbai Indians,0,60,1,44,1,0.0,0.0,6,1,2015,1,0,0,60,47
829817,2015-05-19,Wankhede Stadium,Mumbai Indians,Chennai Super Kings,1,12,5,Lmp Simmons,RG Sharma,MM Sharma,1,0,1,0,[],0,Not Out,None,100,1,188,0.0,49,Mumbai Indians,0,61,1,45,1,0.0,0.0,1,1,2015,0,0,0,61,48
829817,2015-05-19,Wankhede Stadium,Mumbai Indians,Chennai Super Kings,1,12,6,Rg Sharma,LMP Simmons,MM Sharma,1,0,1,0,[],0,Not Out,None,101,1,188,0.0,48,Mumbai Indians,0,2,61,2,45,0.0,0.0,1,1,2015,0,0,0,2,2
829817,2015-05-19,Wankhede Stadium,Mumbai Indians,Chennai Super Kings,1,13,1,Rg Sharma,LMP Simmons,P Negi,1,0,1,0,[],0,Not Out,None,102,1,188,0.0,47,Mumbai Indians,0,3,61,3,45,0.0,0.0,1,1,2015,0,0,0,3,3
829817,2015-05-19,Wankhede Stadium,Mumbai Indians,Chennai Super Kings,1,13,2,Lmp Simmons,RG Sharma,P Negi,0,0,0,0,[],0,Not Out,None,102,1,188,0.0,46,Mumbai Indians,0,61,3,46,3,0.0,0.0,0,1,2015,0,0,1,61,49
829817,2015-05-19,Wankhede Stadium,Mumbai Indians,Chennai Super Kings,1,13,3,Lmp Simmons,RG Sharma,P Negi,1,0,1,0,[],0,Not Out,None,103,1,188,0.0,45,Mumbai Indians,0,62,3,47,3,0.0,0.0,1,1,2015,0,0,0,62,50
829817,2015-05-19,Wankhede Stadium,Mumbai Indians,Chennai Super Kings,1,13,4,Rg Sharma,LMP Simmons,P Negi,4,0,4,0,[],0,Not Out,None,107,1,188,0.0,44,Mumbai Indians,0,7,62,4,47,0.0,0.0,4,1,2015,0,0,0,7,4
829817,2015-05-19,Wankhede Stadium,Mumbai Indians,Chennai Super Kings,1,13,5,Rg Sharma,LMP Simmons,P Negi,1,0,1,0,[],0,Not Out,None,108,1,188,0.0,43,Mumbai Indians,0,8,62,5,47,0.0,0.0,1,1,2015,0,0,0,8,5
829817,2015-05-19,Wankhede Stadium,Mumbai Indians,Chennai Super Kings,1,13,6,Lmp Simmons,RG Sharma,P Negi,2,0,2,0,[],0,Not Out,None,110,1,188,0.0,42,Mumbai Indians,0,64,8,48,5,0.0,0.0,2,1,2015,0,0,0,64,51
829817,2015-05-19,Wankhede Stadium,Mumbai Indians,Chennai Super Kings,1,14,1,Rg Sharma,LMP Simmons,RA Jadeja,1,0,1,0,[],0,Not Out,None,111,1,188,0.0,41,Mumbai Indians,0,9,64,6,48,0.0,0.0,1,1,2015,0,0,0,9,6
829817,2015-05-19,Wankhede Stadium,Mumbai Indians,Chennai Super Kings,1,14,2,Lmp Simmons,RG Sharma,RA Jadeja,1,0,1,0,[],0,Not Out,None,112,1,188,0.0,40,Mumbai Indians,0,65,9,49,6,0.0,0.0,1,1,2015,0,0,0,65,52
829817,2015-05-19,Wankhede Stadium,Mumbai Indians,Chennai Super Kings,1,14,3,Rg Sharma,LMP Simmons,RA Jadeja,1,0,1,0,[],0,Not Out,None,113,1,188,0.0,39,Mumbai Indians,0,10,65,7,49,0.0,0.0,1,1,2015,0,0,0,10,7
829817,2015-05-19,Wankhede Stadium,Mumbai Indians,Chennai Super Kings,1,14,4,Lmp Simmons,RG Sharma,RA Jadeja,0,0,0,0,[],1,caught,LMP Simmons,113,2,188,0.0,38,Mumbai Indians,0,0,10,0,7,65.0,50.0,0,1,2015,0,1,1,65,53
829817,2015-05-19,Wankhede Stadium,Mumbai Indians,Chennai Super Kings,1,14,5,Rg Sharma,KA Pollard,RA Jadeja,0,0,0,0,[],0,Not Out,None,113,2,188,0.0,37,Mumbai Indians,0,10,0,8,0,0.0,0.0,0,1,2015,0,0,1,10,8
829817,2015-05-19,Wankhede Stadium,Mumbai Indians,Chennai Super Kings,1,14,6,Rg Sharma,KA Pollard,RA Jadeja,6,0,6,0,[],0,Not Out,None,119,2,188,0.0,36,Mumbai Indians,0,16,0,9,0,0.0,0.0,6,1,2015,1,0,0,16,9
829817,2015-05-19,Wankhede Stadium,Mumbai Indians,Chennai Super Kings,1,15,1,Ka Pollard,RG Sharma,P Negi,1,0,1,0,[],0,Not Out,None,120,2,188,0.0,35,Mumbai Indians,0,1,16,1,9,0.0,0.0,1,1,2015,0,0,0,1,1
829817,2015-05-19,Wankhede Stadium,Mumbai Indians,Chennai Super Kings,1,15,2,Rg Sharma,KA Pollard,P Negi,1,0,1,0,[],0,Not Out,None,121,2,188,0.0,34,Mumbai Indians,0,17,1,10,1,0.0,0.0,1,1,2015,0,0,0,17,10
829817,2015-05-19,Wankhede Stadium,Mumbai Indians,Chennai Super Kings,1,15,3,Ka Pollard,RG Sharma,P Negi,6,0,6,0,[],0,Not Out,None,127,2,188,0.0,33,Mumbai Indians,0,7,17,2,10,0.0,0.0,6,1,2015,1,0,0,7,2
829817,2015-05-19,Wankhede Stadium,Mumbai Indians,Chennai Super Kings,1,15,4,Ka Pollard,RG Sharma,P Negi,1,0,1,0,[],0,Not Out,None,128,2,188,0.0,32,Mumbai Indians,0,8,17,3,10,0.0,0.0,1,1,2015,0,0,0,8,3
829817,2015-05-19,Wankhede Stadium,Mumbai Indians,Chennai Super Kings,1,15,5,Rg Sharma,KA Pollard,P Negi,1,0,1,0,[],0,Not Out,None,129,2,188,0.0,31,Mumbai Indians,0,18,8,11,3,0.0,0.0,1,1,2015,0,0,0,18,11
829817,2015-05-19,Wankhede Stadium,Mumbai Indians,Chennai Super Kings,1,15,6,Ka Pollard,RG Sharma,P Negi,6,0,6,0,[],0,Not Out,None,135,2,188,0.0,30,Mumbai Indians,0,14,18,4,11,0.0,0.0,6,1,2015,1,0,0,14,4
829817,2015-05-19,Wankhede Stadium,Mumbai Indians,Chennai Super Kings,1,16,1,Rg Sharma,KA Pollard,DJ Bravo,0,0,0,0,[],0,Not Out,None,135,2,188,0.0,29,Mumbai Indians,0,18,14,12,4,0.0,0.0,0,1,2015,0,0,1,18,12
829817,2015-05-19,Wankhede Stadium,Mumbai Indians,Chennai Super Kings,1,16,2,Rg Sharma,KA Pollard,DJ Bravo,1,0,1,0,[],0,Not Out,None,136,2,188,0.0,28,Mumbai Indians,0,19,14,13,4,0.0,0.0,1,1,2015,0,0,0,19,13
829817,2015-05-19,Wankhede Stadium,Mumbai Indians,Chennai Super Kings,1,16,3,Ka Pollard,RG Sharma,DJ Bravo,1,0,1,0,[],0,Not Out,None,137,2,188,0.0,27,Mumbai Indians,0,15,19,5,13,0.0,0.0,1,1,2015,0,0,0,15,5
829817,2015-05-19,Wankhede Stadium,Mumbai Indians,Chennai Super Kings,1,16,4,Rg Sharma,KA Pollard,DJ Bravo,0,0,0,0,[],1,caught,RG Sharma,137,3,188,0.0,26,Mumbai Indians,0,0,15,0,5,19.0,14.0,0,1,2015,0,1,1,19,14
829817,2015-05-19,Wankhede Stadium,Mumbai Indians,Chennai Super Kings,1,16,5,Ka Pollard,HH Pandya,DJ Bravo,1,0,1,0,[],0,Not Out,None,138,3,188,0.0,25,Mumbai Indians,0,16,0,6,0,0.0,0.0,1,1,2015,0,0,0,16,6
829817,2015-05-19,Wankhede Stadium,Mumbai Indians,Chennai Super Kings,1,16,6,Hh Pandya,KA Pollard,DJ Bravo,1,0,1,0,[],0,Not Out,None,139,3,188,0.0,24,Mumbai Indians,0,1,16,1,6,0.0,0.0,1,1,2015,0,0,0,1,1
829817,2015-05-19,Wankhede Stadium,Mumbai Indians,Chennai Super Kings,1,17,1,Hh Pandya,KA Pollard,A Nehra,0,0,0,0,[],1,caught,HH Pandya,139,4,188,0.0,23,Mumbai Indians,0,0,16,0,6,1.0,2.0,0,1,2015,0,1,1,1,2
829817,2015-05-19,Wankhede Stadium,Mumbai Indians,Chennai Super Kings,1,17,2,Ka Pollard,AT Rayudu,A Nehra,0,0,0,0,[],0,Not Out,None,139,4,188,0.0,22,Mumbai Indians,0,16,0,7,0,0.0,0.0,0,1,2015,0,0,1,16,7
829817,2015-05-19,Wankhede Stadium,Mumbai Indians,Chennai Super Kings,1,17,3,Ka Pollard,AT Rayudu,A Nehra,1,0,1,0,[],0,Not Out,None,140,4,188,0.0,21,Mumbai Indians,0,17,0,8,0,0.0,0.0,1,1,2015,0,0,0,17,8
829817,2015-05-19,Wankhede Stadium,Mumbai Indians,Chennai Super Kings,1,17,4,At Rayudu,KA Pollard,A Nehra,0,0,0,0,[],0,Not Out,None,140,4,188,0.0,20,Mumbai Indians,0,0,17,1,8,0.0,0.0,0,1,2015,0,0,1,0,1
829817,2015-05-19,Wankhede Stadium,Mumbai Indians,Chennai Super Kings,1,17,5,At Rayudu,KA Pollard,A Nehra,1,0,1,0,[],0,Not Out,None,141,4,188,0.0,19,Mumbai Indians,0,1,17,2,8,0.0,0.0,1,1,2015,0,0,0,1,2
829817,2015-05-19,Wankhede Stadium,Mumbai Indians,Chennai Super Kings,1,17,6,Ka Pollard,AT Rayudu,A Nehra,0,0,0,0,[],0,Not Out,None,141,4,188,0.0,18,Mumbai Indians,0,17,1,9,2,0.0,0.0,0,1,2015,0,0,1,17,9
829817,2015-05-19,Wankhede Stadium,Mumbai Indians,Chennai Super Kings,1,18,1,At Rayudu,KA Pollard,DJ Bravo,2,0,2,0,[],0,Not Out,None,143,4,188,0.0,17,Mumbai Indians,0,3,17,3,9,0.0,0.0,2,1,2015,0,0,0,3,3
829817,2015-05-19,Wankhede Stadium,Mumbai Indians,Chennai Super Kings,1,18,2,At Rayudu,KA Pollard,DJ Bravo,1,0,1,0,[],0,Not Out,None,144,4,188,0.0,16,Mumbai Indians,0,4,17,4,9,0.0,0.0,1,1,2015,0,0,0,4,4
829817,2015-05-19,Wankhede Stadium,Mumbai Indians,Chennai Super Kings,1,18,3,Ka Pollard,AT Rayudu,DJ Bravo,6,0,6,0,[],0,Not Out,None,150,4,188,0.0,15,Mumbai Indians,0,23,4,10,4,0.0,0.0,6,1,2015,1,0,0,23,10
829817,2015-05-19,Wankhede Stadium,Mumbai Indians,Chennai Super Kings,1,18,4,Ka Pollard,AT Rayudu,DJ Bravo,1,0,1,0,[],0,Not Out,None,151,4,188,0.0,14,Mumbai Indians,0,24,4,11,4,0.0,0.0,1,1,2015,0,0,0,24,11
829817,2015-05-19,Wankhede Stadium,Mumbai Indians,Chennai Super Kings,1,18,5,At Rayudu,KA Pollard,DJ Bravo,4,0,4,0,[],0,Not Out,None,155,4,188,0.0,13,Mumbai Indians,0,8,24,5,11,0.0,0.0,4,1,2015,0,0,0,8,5
829817,2015-05-19,Wankhede Stadium,Mumbai Indians,Chennai Super Kings,1,18,6,At Rayudu,KA Pollard,DJ Bravo,1,0,1,0,[],0,Not Out,None,156,4,188,0.0,12,Mumbai Indians,0,9,24,6,11,0.0,0.0,1,1,2015,0,0,0,9,6
829817,2015-05-19,Wankhede Stadium,Mumbai Indians,Chennai Super Kings,1,19,1,At Rayudu,KA Pollard,MM Sharma,0,1,1,1,['wides'],0,Not Out,None,157,4,188,0.0,12,Mumbai Indians,0,9,24,6,11,0.0,0.0,1,0,2015,0,0,0,9,7
829817,2015-05-19,Wankhede Stadium,Mumbai Indians,Chennai Super Kings,1,19,1,At Rayudu,KA Pollard,MM Sharma,1,0,1,0,[],0,Not Out,None,158,4,188,0.0,11,Mumbai Indians,0,10,24,7,11,0.0,0.0,1,1,2015,0,0,0,10,8
829817,2015-05-19,Wankhede Stadium,Mumbai Indians,Chennai Super Kings,1,19,2,Ka Pollard,AT Rayudu,MM Sharma,0,0,0,0,[],0,Not Out,None,158,4,188,0.0,10,Mumbai Indians,0,24,10,12,7,0.0,0.0,0,1,2015,0,0,1,24,12
829817,2015-05-19,Wankhede Stadium,Mumbai Indians,Chennai Super Kings,1,19,3,Ka Pollard,AT Rayudu,MM Sharma,4,0,4,0,[],0,Not Out,None,162,4,188,0.0,9,Mumbai Indians,0,28,10,13,7,0.0,0.0,4,1,2015,0,0,0,28,13
829817,2015-05-19,Wankhede Stadium,Mumbai Indians,Chennai Super Kings,1,19,4,Ka Pollard,AT Rayudu,MM Sharma,0,1,1,1,['wides'],0,Not Out,None,163,4,188,0.0,9,Mumbai Indians,0,28,10,13,7,0.0,0.0,1,0,2015,0,0,0,28,14
829817,2015-05-19,Wankhede Stadium,Mumbai Indians,Chennai Super Kings,1,19,4,Ka Pollard,AT Rayudu,MM Sharma,1,0,1,0,[],0,Not Out,None,164,4,188,0.0,8,Mumbai Indians,0,29,10,14,7,0.0,0.0,1,1,2015,0,0,0,29,15
829817,2015-05-19,Wankhede Stadium,Mumbai Indians,Chennai Super Kings,1,19,5,At Rayudu,KA Pollard,MM Sharma,0,0,0,0,[],1,caught,AT Rayudu,164,5,188,0.0,7,Mumbai Indians,0,0,29,0,14,10.0,8.0,0,1,2015,0,1,1,10,9
829817,2015-05-19,Wankhede Stadium,Mumbai Indians,Chennai Super Kings,1,19,6,Ka Pollard,Harbhajan Singh,MM Sharma,0,1,1,1,['wides'],0,Not Out,None,165,5,188,0.0,7,Mumbai Indians,0,29,0,15,0,0.0,0.0,1,0,2015,0,0,0,29,16
829817,2015-05-19,Wankhede Stadium,Mumbai Indians,Chennai Super Kings,1,19,6,Ka Pollard,Harbhajan Singh,MM Sharma,6,0,6,0,[],0,Not Out,None,171,5,188,0.0,6,Mumbai Indians,0,35,0,16,0,0.0,0.0,6,1,2015,1,0,0,35,17
829817,2015-05-19,Wankhede Stadium,Mumbai Indians,Chennai Super Kings,1,20,1,Harbhajan Singh,KA Pollard,DJ Bravo,0,1,1,1,['wides'],0,Not Out,None,172,5,188,0.0,6,Mumbai Indians,0,0,35,0,16,0.0,0.0,1,0,2015,0,0,0,0,1
829817,2015-05-19,Wankhede Stadium,Mumbai Indians,Chennai Super Kings,1,20,1,Harbhajan Singh,KA Pollard,DJ Bravo,0,1,1,1,['wides'],0,Not Out,None,173,5,188,0.0,6,Mumbai Indians,0,0,35,0,16,0.0,0.0,1,0,2015,0,0,0,0,2
829817,2015-05-19,Wankhede Stadium,Mumbai Indians,Chennai Super Kings,1,20,1,Harbhajan Singh,KA Pollard,DJ Bravo,4,0,4,0,[],0,Not Out,None,177,5,188,0.0,5,Mumbai Indians,0,4,35,2,16,0.0,0.0,4,1,2015,0,0,0,4,3
829817,2015-05-19,Wankhede Stadium,Mumbai Indians,Chennai Super Kings,1,20,2,Harbhajan Singh,KA Pollard,DJ Bravo,0,1,1,1,['wides'],0,Not Out,None,178,5,188,0.0,5,Mumbai Indians,0,4,35,2,16,0.0,0.0,1,0,2015,0,0,0,4,4
829817,2015-05-19,Wankhede Stadium,Mumbai Indians,Chennai Super Kings,1,20,2,Harbhajan Singh,KA Pollard,DJ Bravo,1,0,1,0,[],0,Not Out,None,179,5,188,0.0,4,Mumbai Indians,0,5,35,3,16,0.0,0.0,1,1,2015,0,0,0,5,5
829817,2015-05-19,Wankhede Stadium,Mumbai Indians,Chennai Super Kings,1,20,3,Ka Pollard,Harbhajan Singh,DJ Bravo,6,0,6,0,[],0,Not Out,None,185,5,188,0.0,3,Mumbai Indians,0,41,5,17,3,0.0,0.0,6,1,2015,1,0,0,41,18
829817,2015-05-19,Wankhede Stadium,Mumbai Indians,Chennai Super Kings,1,20,4,Ka Pollard,Harbhajan Singh,DJ Bravo,0,0,0,0,[],1,caught,KA Pollard,185,6,188,0.0,2,Mumbai Indians,0,0,5,0,3,41.0,18.0,0,1,2015,0,1,1,41,19
829817,2015-05-19,Wankhede Stadium,Mumbai Indians,Chennai Super Kings,1,20,5,Harbhajan Singh,J Suchith,DJ Bravo,1,0,1,0,[],0,Not Out,None,186,6,188,0.0,1,Mumbai Indians,0,6,0,4,0,0.0,0.0,1,1,2015,0,0,0,6,6
829817,2015-05-19,Wankhede Stadium,Mumbai Indians,Chennai Super Kings,1,20,6,J Suchith,Harbhajan Singh,DJ Bravo,1,0,1,0,[],0,Not Out,None,187,6,188,0.0,0,Mumbai Indians,0,1,6,1,4,0.0,0.0,1,1,2015,0,0,0,1,1
829817,2015-05-19,Wankhede Stadium,Mumbai Indians,Chennai Super Kings,2,1,1,Dr Smith,MEK Hussey,SL Malinga,0,0,0,0,[],0,Not Out,None,0,0,188,188.0,119,Mumbai Indians,0,0,0,1,0,0.0,0.0,0,1,2015,0,0,1,0,1
829817,2015-05-19,Wankhede Stadium,Mumbai Indians,Chennai Super Kings,2,1,2,Dr Smith,MEK Hussey,SL Malinga,0,0,0,0,[],0,Not Out,None,0,0,188,188.0,118,Mumbai Indians,0,0,0,2,0,0.0,0.0,0,1,2015,0,0,1,0,2
829817,2015-05-19,Wankhede Stadium,Mumbai Indians,Chennai Super Kings,2,1,3,Dr Smith,MEK Hussey,SL Malinga,0,0,0,0,[],0,Not Out,None,0,0,188,188.0,117,Mumbai Indians,0,0,0,3,0,0.0,0.0,0,1,2015,0,0,1,0,3
829817,2015-05-19,Wankhede Stadium,Mumbai Indians,Chennai Super Kings,2,1,4,Dr Smith,MEK Hussey,SL Malinga,0,0,0,0,[],1,lbw,DR Smith,0,1,188,188.0,116,Mumbai Indians,0,0,0,0,0,0.0,4.0,0,1,2015,0,1,1,0,4
829817,2015-05-19,Wankhede Stadium,Mumbai Indians,Chennai Super Kings,2,1,5,F Du Plessis,MEK Hussey,SL Malinga,1,0,1,0,[],0,Not Out,None,1,1,188,187.0,115,Mumbai Indians,0,1,0,1,0,0.0,0.0,1,1,2015,0,0,0,1,1
829817,2015-05-19,Wankhede Stadium,Mumbai Indians,Chennai Super Kings,2,1,6,Mek Hussey,F du Plessis,SL Malinga,1,0,1,0,[],0,Not Out,None,2,1,188,186.0,114,Mumbai Indians,0,1,1,1,1,0.0,0.0,1,1,2015,0,0,0,1,1
829817,2015-05-19,Wankhede Stadium,Mumbai Indians,Chennai Super Kings,2,2,1,Mek Hussey,F du Plessis,MJ McClenaghan,0,1,1,1,['wides'],0,Not Out,None,3,1,188,185.0,114,Mumbai Indians,0,1,1,0,1,0.0,0.0,1,0,2015,0,0,0,1,2
829817,2015-05-19,Wankhede Stadium,Mumbai Indians,Chennai Super Kings,2,2,1,Mek Hussey,F du Plessis,MJ McClenaghan,0,1,1,1,['wides'],0,Not Out,None,4,1,188,184.0,114,Mumbai Indians,0,1,1,0,1,0.0,0.0,1,0,2015,0,0,0,1,3
829817,2015-05-19,Wankhede Stadium,Mumbai Indians,Chennai Super Kings,2,2,1,Mek Hussey,F du Plessis,MJ McClenaghan,4,0,4,0,[],0,Not Out,None,8,1,188,180.0,113,Mumbai Indians,0,5,1,2,1,0.0,0.0,4,1,2015,0,0,0,5,4
829817,2015-05-19,Wankhede Stadium,Mumbai Indians,Chennai Super Kings,2,2,2,Mek Hussey,F du Plessis,MJ McClenaghan,1,0,1,0,[],0,Not Out,None,9,1,188,179.0,112,Mumbai Indians,0,6,1,3,1,0.0,0.0,1,1,2015,0,0,0,6,5
829817,2015-05-19,Wankhede Stadium,Mumbai Indians,Chennai Super Kings,2,2,3,F Du Plessis,MEK Hussey,MJ McClenaghan,0,0,0,0,[],0,Not Out,None,9,1,188,179.0,111,Mumbai Indians,0,1,6,2,3,0.0,0.0,0,1,2015,0,0,1,1,2
829817,2015-05-19,Wankhede Stadium,Mumbai Indians,Chennai Super Kings,2,2,4,F Du Plessis,MEK Hussey,MJ McClenaghan,6,0,6,0,[],0,Not Out,None,15,1,188,173.0,110,Mumbai Indians,0,7,6,3,3,0.0,0.0,6,1,2015,1,0,0,7,3
829817,2015-05-19,Wankhede Stadium,Mumbai Indians,Chennai Super Kings,2,2,5,F Du Plessis,MEK Hussey,MJ McClenaghan,4,0,4,0,[],0,Not Out,None,19,1,188,169.0,109,Mumbai Indians,0,11,6,4,3,0.0,0.0,4,1,2015,0,0,0,11,4
829817,2015-05-19,Wankhede Stadium,Mumbai Indians,Chennai Super Kings,2,2,6,F Du Plessis,MEK Hussey,MJ McClenaghan,0,0,0,0,[],0,Not Out,None,19,1,188,169.0,108,Mumbai Indians,0,11,6,5,3,0.0,0.0,0,1,2015,0,0,1,11,5
829817,2015-05-19,Wankhede Stadium,Mumbai Indians,Chennai Super Kings,2,3,1,Mek Hussey,F du Plessis,SL Malinga,0,0,0,0,[],0,Not Out,None,19,1,188,169.0,107,Mumbai Indians,0,6,11,4,5,0.0,0.0,0,1,2015,0,0,1,6,6
829817,2015-05-19,Wankhede Stadium,Mumbai Indians,Chennai Super Kings,2,3,2,Mek Hussey,F du Plessis,SL Malinga,1,0,1,0,[],0,Not Out,None,20,1,188,168.0,106,Mumbai Indians,0,7,11,5,5,0.0,0.0,1,1,2015,0,0,0,7,7
829817,2015-05-19,Wankhede Stadium,Mumbai Indians,Chennai Super Kings,2,3,3,F Du Plessis,MEK Hussey,SL Malinga,1,0,1,0,[],0,Not Out,None,21,1,188,167.0,105,Mumbai Indians,0,12,7,6,5,0.0,0.0,1,1,2015,0,0,0,12,6
829817,2015-05-19,Wankhede Stadium,Mumbai Indians,Chennai Super Kings,2,3,4,Mek Hussey,F du Plessis,SL Malinga,1,0,1,0,[],0,Not Out,None,22,1,188,166.0,104,Mumbai Indians,0,8,12,6,6,0.0,0.0,1,1,2015,0,0,0,8,8
829817,2015-05-19,Wankhede Stadium,Mumbai Indians,Chennai Super Kings,2,3,5,F Du Plessis,MEK Hussey,SL Malinga,1,0,1,0,[],0,Not Out,None,23,1,188,165.0,103,Mumbai Indians,0,13,8,7,6,0.0,0.0,1,1,2015,0,0,0,13,7
829817,2015-05-19,Wankhede Stadium,Mumbai Indians,Chennai Super Kings,2,3,6,Mek Hussey,F du Plessis,SL Malinga,0,0,0,0,[],0,Not Out,None,23,1,188,165.0,102,Mumbai Indians,0,8,13,7,7,0.0,0.0,0,1,2015,0,0,1,8,9
829817,2015-05-19,Wankhede Stadium,Mumbai Indians,Chennai Super Kings,2,4,1,F Du Plessis,MEK Hussey,R Vinay Kumar,1,0,1,0,[],0,Not Out,None,24,1,188,164.0,101,Mumbai Indians,0,14,8,8,7,0.0,0.0,1,1,2015,0,0,0,14,8
829817,2015-05-19,Wankhede Stadium,Mumbai Indians,Chennai Super Kings,2,4,2,Mek Hussey,F du Plessis,R Vinay Kumar,6,0,6,0,[],0,Not Out,None,30,1,188,158.0,100,Mumbai Indians,0,14,14,8,8,0.0,0.0,6,1,2015,1,0,0,14,10
829817,2015-05-19,Wankhede Stadium,Mumbai Indians,Chennai Super Kings,2,4,3,Mek Hussey,F du Plessis,R Vinay Kumar,1,0,1,0,[],0,Not Out,None,31,1,188,157.0,99,Mumbai Indians,0,15,14,9,8,0.0,0.0,1,1,2015,0,0,0,15,11
829817,2015-05-19,Wankhede Stadium,Mumbai Indians,Chennai Super Kings,2,4,4,F Du Plessis,MEK Hussey,R Vinay Kumar,2,0,2,0,[],0,Not Out,None,33,1,188,155.0,98,Mumbai Indians,0,16,15,9,9,0.0,0.0,2,1,2015,0,0,0,16,9
829817,2015-05-19,Wankhede Stadium,Mumbai Indians,Chennai Super Kings,2,4,5,F Du Plessis,MEK Hussey,R Vinay Kumar,0,0,0,0,[],0,Not Out,None,33,1,188,155.0,97,Mumbai Indians,0,16,15,10,9,0.0,0.0,0,1,2015,0,0,1,16,10
829817,2015-05-19,Wankhede Stadium,Mumbai Indians,Chennai Super Kings,2,4,6,F Du Plessis,MEK Hussey,R Vinay Kumar,0,0,0,0,[],0,Not Out,None,33,1,188,155.0,96,Mumbai Indians,0,16,15,11,9,0.0,0.0,0,1,2015,0,0,1,16,11
829817,2015-05-19,Wankhede Stadium,Mumbai Indians,Chennai Super Kings,2,5,1,Mek Hussey,F du Plessis,MJ McClenaghan,1,0,1,0,[],0,Not Out,None,34,1,188,154.0,95,Mumbai Indians,0,16,16,10,11,0.0,0.0,1,1,2015,0,0,0,16,12
829817,2015-05-19,Wankhede Stadium,Mumbai Indians,Chennai Super Kings,2,5,2,F Du Plessis,MEK Hussey,MJ McClenaghan,4,0,4,0,[],0,Not Out,None,38,1,188,150.0,94,Mumbai Indians,0,20,16,12,10,0.0,0.0,4,1,2015,0,0,0,20,12
829817,2015-05-19,Wankhede Stadium,Mumbai Indians,Chennai Super Kings,2,5,3,F Du Plessis,MEK Hussey,MJ McClenaghan,4,0,4,0,[],0,Not Out,None,42,1,188,146.0,93,Mumbai Indians,0,24,16,13,10,0.0,0.0,4,1,2015,0,0,0,24,13
829817,2015-05-19,Wankhede Stadium,Mumbai Indians,Chennai Super Kings,2,5,4,F Du Plessis,MEK Hussey,MJ McClenaghan,0,0,0,0,[],0,Not Out,None,42,1,188,146.0,92,Mumbai Indians,0,24,16,14,10,0.0,0.0,0,1,2015,0,0,1,24,14
829817,2015-05-19,Wankhede Stadium,Mumbai Indians,Chennai Super Kings,2,5,5,F Du Plessis,MEK Hussey,MJ McClenaghan,0,0,0,0,[],0,Not Out,None,42,1,188,146.0,91,Mumbai Indians,0,24,16,15,10,0.0,0.0,0,1,2015,0,0,1,24,15
829817,2015-05-19,Wankhede Stadium,Mumbai Indians,Chennai Super Kings,2,5,6,F Du Plessis,MEK Hussey,MJ McClenaghan,4,0,4,0,[],0,Not Out,None,46,1,188,142.0,90,Mumbai Indians,0,28,16,16,10,0.0,0.0,4,1,2015,0,0,0,28,16
829817,2015-05-19,Wankhede Stadium,Mumbai Indians,Chennai Super Kings,2,6,1,Mek Hussey,F du Plessis,R Vinay Kumar,0,0,0,0,[],1,caught,MEK Hussey,46,2,188,142.0,89,Mumbai Indians,0,0,28,0,16,16.0,11.0,0,1,2015,0,1,1,16,13
829817,2015-05-19,Wankhede Stadium,Mumbai Indians,Chennai Super Kings,2,6,2,Sk Raina,F du Plessis,R Vinay Kumar,0,0,0,0,[],0,Not Out,None,46,2,188,142.0,88,Mumbai Indians,0,0,28,1,16,0.0,0.0,0,1,2015,0,0,1,0,1
829817,2015-05-19,Wankhede Stadium,Mumbai Indians,Chennai Super Kings,2,6,3,Sk Raina,F du Plessis,R Vinay Kumar,1,0,1,0,[],0,Not Out,None,47,2,188,141.0,87,Mumbai Indians,0,1,28,2,16,0.0,0.0,1,1,2015,0,0,0,1,2
829817,2015-05-19,Wankhede Stadium,Mumbai Indians,Chennai Super Kings,2,6,4,F Du Plessis,SK Raina,R Vinay Kumar,1,0,1,0,[],0,Not Out,None,48,2,188,140.0,86,Mumbai Indians,0,29,1,17,2,0.0,0.0,1,1,2015,0,0,0,29,17
829817,2015-05-19,Wankhede Stadium,Mumbai Indians,Chennai Super Kings,2,6,5,Sk Raina,F du Plessis,R Vinay Kumar,6,0,6,0,[],0,Not Out,None,54,2,188,134.0,85,Mumbai Indians,0,7,29,3,17,0.0,0.0,6,1,2015,1,0,0,7,3
829817,2015-05-19,Wankhede Stadium,Mumbai Indians,Chennai Super Kings,2,6,6,Sk Raina,F du Plessis,R Vinay Kumar,0,0,0,0,[],0,Not Out,None,54,2,188,134.0,84,Mumbai Indians,0,7,29,4,17,0.0,0.0,0,1,2015,0,0,1,7,4
829817,2015-05-19,Wankhede Stadium,Mumbai Indians,Chennai Super Kings,2,7,1,F Du Plessis,SK Raina,Harbhajan Singh,1,0,1,0,[],0,Not Out,None,55,2,188,133.0,83,Mumbai Indians,0,30,7,18,4,0.0,0.0,1,1,2015,0,0,0,30,18
829817,2015-05-19,Wankhede Stadium,Mumbai Indians,Chennai Super Kings,2,7,2,Sk Raina,F du Plessis,Harbhajan Singh,0,2,2,1,['wides'],0,Not Out,None,57,2,188,131.0,83,Mumbai Indians,0,7,30,5,18,0.0,0.0,2,0,2015,0,0,0,7,5
829817,2015-05-19,Wankhede Stadium,Mumbai Indians,Chennai Super Kings,2,7,2,F Du Plessis,SK Raina,Harbhajan Singh,1,0,1,0,[],0,Not Out,None,58,2,188,130.0,82,Mumbai Indians,0,31,7,19,5,0.0,0.0,1,1,2015,0,0,0,31,19
829817,2015-05-19,Wankhede Stadium,Mumbai Indians,Chennai Super Kings,2,7,3,Sk Raina,F du Plessis,Harbhajan Singh,0,0,0,0,[],0,Not Out,None,58,2,188,130.0,81,Mumbai Indians,0,7,31,6,19,0.0,0.0,0,1,2015,0,0,1,7,6
829817,2015-05-19,Wankhede Stadium,Mumbai Indians,Chennai Super Kings,2,7,4,Sk Raina,F du Plessis,Harbhajan Singh,1,0,1,0,[],0,Not Out,None,59,2,188,129.0,80,Mumbai Indians,0,8,31,7,19,0.0,0.0,1,1,2015,0,0,0,8,7
829817,2015-05-19,Wankhede Stadium,Mumbai Indians,Chennai Super Kings,2,7,5,F Du Plessis,SK Raina,Harbhajan Singh,1,0,1,0,[],0,Not Out,None,60,2,188,128.0,79,Mumbai Indians,0,32,8,20,7,0.0,0.0,1,1,2015,0,0,0,32,20
829817,2015-05-19,Wankhede Stadium,Mumbai Indians,Chennai Super Kings,2,7,6,Sk Raina,F du Plessis,Harbhajan Singh,1,0,1,0,[],0,Not Out,None,61,2,188,127.0,78,Mumbai Indians,0,9,32,8,20,0.0,0.0,1,1,2015,0,0,0,9,8
829817,2015-05-19,Wankhede Stadium,Mumbai Indians,Chennai Super Kings,2,8,1,Sk Raina,F du Plessis,KA Pollard,1,0,1,0,[],0,Not Out,None,62,2,188,126.0,77,Mumbai Indians,0,10,32,9,20,0.0,0.0,1,1,2015,0,0,0,10,9
829817,2015-05-19,Wankhede Stadium,Mumbai Indians,Chennai Super Kings,2,8,2,F Du Plessis,SK Raina,KA Pollard,1,0,1,0,[],0,Not Out,None,63,2,188,125.0,76,Mumbai Indians,0,33,10,21,9,0.0,0.0,1,1,2015,0,0,0,33,21
829817,2015-05-19,Wankhede Stadium,Mumbai Indians,Chennai Super Kings,2,8,3,Sk Raina,F du Plessis,KA Pollard,1,0,1,0,[],0,Not Out,None,64,2,188,124.0,75,Mumbai Indians,0,11,33,10,21,0.0,0.0,1,1,2015,0,0,0,11,10
829817,2015-05-19,Wankhede Stadium,Mumbai Indians,Chennai Super Kings,2,8,4,F Du Plessis,SK Raina,KA Pollard,1,0,1,0,[],0,Not Out,None,65,2,188,123.0,74,Mumbai Indians,0,34,11,22,10,0.0,0.0,1,1,2015,0,0,0,34,22
829817,2015-05-19,Wankhede Stadium,Mumbai Indians,Chennai Super Kings,2,8,5,Sk Raina,F du Plessis,KA Pollard,0,0,0,0,[],0,Not Out,None,65,2,188,123.0,73,Mumbai Indians,0,11,34,11,22,0.0,0.0,0,1,2015,0,0,1,11,11
829817,2015-05-19,Wankhede Stadium,Mumbai Indians,Chennai Super Kings,2,8,6,Sk Raina,F du Plessis,KA Pollard,1,0,1,0,[],0,Not Out,None,66,2,188,122.0,72,Mumbai Indians,0,12,34,12,22,0.0,0.0,1,1,2015,0,0,0,12,12
829817,2015-05-19,Wankhede Stadium,Mumbai Indians,Chennai Super Kings,2,9,1,Sk Raina,F du Plessis,Harbhajan Singh,1,0,1,0,[],0,Not Out,None,67,2,188,121.0,71,Mumbai Indians,0,13,34,13,22,0.0,0.0,1,1,2015,0,0,0,13,13
829817,2015-05-19,Wankhede Stadium,Mumbai Indians,Chennai Super Kings,2,9,2,F Du Plessis,SK Raina,Harbhajan Singh,1,0,1,0,[],0,Not Out,None,68,2,188,120.0,70,Mumbai Indians,0,35,13,23,13,0.0,0.0,1,1,2015,0,0,0,35,23
829817,2015-05-19,Wankhede Stadium,Mumbai Indians,Chennai Super Kings,2,9,3,Sk Raina,F du Plessis,Harbhajan Singh,6,0,6,0,[],0,Not Out,None,74,2,188,114.0,69,Mumbai Indians,0,19,35,14,23,0.0,0.0,6,1,2015,1,0,0,19,14
829817,2015-05-19,Wankhede Stadium,Mumbai Indians,Chennai Super Kings,2,9,4,Sk Raina,F du Plessis,Harbhajan Singh,1,0,1,0,[],0,Not Out,None,75,2,188,113.0,68,Mumbai Indians,0,20,35,15,23,0.0,0.0,1,1,2015,0,0,0,20,15
829817,2015-05-19,Wankhede Stadium,Mumbai Indians,Chennai Super Kings,2,9,5,F Du Plessis,SK Raina,Harbhajan Singh,0,0,0,0,[],0,Not Out,None,75,2,188,113.0,67,Mumbai Indians,0,35,20,24,15,0.0,0.0,0,1,2015,0,0,1,35,24
829817,2015-05-19,Wankhede Stadium,Mumbai Indians,Chennai Super Kings,2,9,6,F Du Plessis,SK Raina,Harbhajan Singh,4,0,4,0,[],0,Not Out,None,79,2,188,109.0,66,Mumbai Indians,0,39,20,25,15,0.0,0.0,4,1,2015,0,0,0,39,25
829817,2015-05-19,Wankhede Stadium,Mumbai Indians,Chennai Super Kings,2,10,1,Sk Raina,F du Plessis,KA Pollard,1,0,1,0,[],0,Not Out,None,80,2,188,108.0,65,Mumbai Indians,0,21,39,16,25,0.0,0.0,1,1,2015,0,0,0,21,16
829817,2015-05-19,Wankhede Stadium,Mumbai Indians,Chennai Super Kings,2,10,2,F Du Plessis,SK Raina,KA Pollard,0,1,1,0,['legbyes'],0,Not Out,None,81,2,188,107.0,64,Mumbai Indians,0,39,21,26,16,0.0,0.0,0,1,2015,0,0,0,39,26
829817,2015-05-19,Wankhede Stadium,Mumbai Indians,Chennai Super Kings,2,10,3,Sk Raina,F du Plessis,KA Pollard,2,0,2,0,[],0,Not Out,None,83,2,188,105.0,63,Mumbai Indians,0,23,39,17,26,0.0,0.0,2,1,2015,0,0,0,23,17
829817,2015-05-19,Wankhede Stadium,Mumbai Indians,Chennai Super Kings,2,10,4,Sk Raina,F du Plessis,KA Pollard,1,0,1,0,[],0,Not Out,None,84,2,188,104.0,62,Mumbai Indians,0,24,39,18,26,0.0,0.0,1,1,2015,0,0,0,24,18
829817,2015-05-19,Wankhede Stadium,Mumbai Indians,Chennai Super Kings,2,10,5,F Du Plessis,SK Raina,KA Pollard,1,0,1,0,[],0,Not Out,None,85,2,188,103.0,61,Mumbai Indians,0,40,24,27,18,0.0,0.0,1,1,2015,0,0,0,40,27
829817,2015-05-19,Wankhede Stadium,Mumbai Indians,Chennai Super Kings,2,10,6,Sk Raina,F du Plessis,KA Pollard,1,0,1,0,[],0,Not Out,None,86,2,188,102.0,60,Mumbai Indians,0,25,40,19,27,0.0,0.0,1,1,2015,0,0,0,25,19
829817,2015-05-19,Wankhede Stadium,Mumbai Indians,Chennai Super Kings,2,11,1,Sk Raina,F du Plessis,Harbhajan Singh,0,0,0,0,[],0,Not Out,None,86,2,188,102.0,59,Mumbai Indians,0,25,40,20,27,0.0,0.0,0,1,2015,0,0,1,25,20
829817,2015-05-19,Wankhede Stadium,Mumbai Indians,Chennai Super Kings,2,11,2,Sk Raina,F du Plessis,Harbhajan Singh,0,0,0,0,[],1,caught and bowled,SK Raina,86,3,188,102.0,58,Mumbai Indians,0,0,40,0,27,25.0,21.0,0,1,2015,0,1,1,25,21
829817,2015-05-19,Wankhede Stadium,Mumbai Indians,Chennai Super Kings,2,11,3,Ms Dhoni,F du Plessis,Harbhajan Singh,0,0,0,0,[],1,lbw,MS Dhoni,86,4,188,102.0,57,Mumbai Indians,0,0,40,0,27,0.0,1.0,0,1,2015,0,1,1,0,1
829817,2015-05-19,Wankhede Stadium,Mumbai Indians,Chennai Super Kings,2,11,4,Dj Bravo,F du Plessis,Harbhajan Singh,1,0,1,0,[],0,Not Out,None,87,4,188,101.0,56,Mumbai Indians,0,1,40,1,27,0.0,0.0,1,1,2015,0,0,0,1,1
829817,2015-05-19,Wankhede Stadium,Mumbai Indians,Chennai Super Kings,2,11,5,F Du Plessis,DJ Bravo,Harbhajan Singh,1,0,1,0,[],0,Not Out,None,88,4,188,100.0,55,Mumbai Indians,0,41,1,28,1,0.0,0.0,1,1,2015,0,0,0,41,28
829817,2015-05-19,Wankhede Stadium,Mumbai Indians,Chennai Super Kings,2,11,6,Dj Bravo,F du Plessis,Harbhajan Singh,0,0,0,0,[],0,Not Out,None,88,4,188,100.0,54,Mumbai Indians,0,1,41,2,28,0.0,0.0,0,1,2015,0,0,1,1,2
829817,2015-05-19,Wankhede Stadium,Mumbai Indians,Chennai Super Kings,2,12,1,F Du Plessis,DJ Bravo,J Suchith,1,0,1,0,[],0,Not Out,None,89,4,188,99.0,53,Mumbai Indians,0,42,1,29,2,0.0,0.0,1,1,2015,0,0,0,42,29
829817,2015-05-19,Wankhede Stadium,Mumbai Indians,Chennai Super Kings,2,12,2,Dj Bravo,F du Plessis,J Suchith,1,0,1,0,[],0,Not Out,None,90,4,188,98.0,52,Mumbai Indians,0,2,42,3,29,0.0,0.0,1,1,2015,0,0,0,2,3
829817,2015-05-19,Wankhede Stadium,Mumbai Indians,Chennai Super Kings,2,12,3,F Du Plessis,DJ Bravo,J Suchith,1,0,1,0,[],0,Not Out,None,91,4,188,97.0,51,Mumbai Indians,0,43,2,30,3,0.0,0.0,1,1,2015,0,0,0,43,30
829817,2015-05-19,Wankhede Stadium,Mumbai Indians,Chennai Super Kings,2,12,4,Dj Bravo,F du Plessis,J Suchith,0,0,0,0,[],0,Not Out,None,91,4,188,97.0,50,Mumbai Indians,0,2,43,4,30,0.0,0.0,0,1,2015,0,0,1,2,4
829817,2015-05-19,Wankhede Stadium,Mumbai Indians,Chennai Super Kings,2,12,5,Dj Bravo,F du Plessis,J Suchith,4,0,4,0,[],0,Not Out,None,95,4,188,93.0,49,Mumbai Indians,0,6,43,5,30,0.0,0.0,4,1,2015,0,0,0,6,5
829817,2015-05-19,Wankhede Stadium,Mumbai Indians,Chennai Super Kings,2,12,6,Dj Bravo,F du Plessis,J Suchith,0,0,0,0,[],0,Not Out,None,95,4,188,93.0,48,Mumbai Indians,0,6,43,6,30,0.0,0.0,0,1,2015,0,0,1,6,6
829817,2015-05-19,Wankhede Stadium,Mumbai Indians,Chennai Super Kings,2,13,1,F Du Plessis,DJ Bravo,Harbhajan Singh,0,0,0,0,[],0,Not Out,None,95,4,188,93.0,47,Mumbai Indians,0,43,6,31,6,0.0,0.0,0,1,2015,0,0,1,43,31
829817,2015-05-19,Wankhede Stadium,Mumbai Indians,Chennai Super Kings,2,13,2,F Du Plessis,DJ Bravo,Harbhajan Singh,1,0,1,0,[],0,Not Out,None,96,4,188,92.0,46,Mumbai Indians,0,44,6,32,6,0.0,0.0,1,1,2015,0,0,0,44,32
829817,2015-05-19,Wankhede Stadium,Mumbai Indians,Chennai Super Kings,2,13,3,Dj Bravo,F du Plessis,Harbhajan Singh,1,0,1,0,[],0,Not Out,None,97,4,188,91.0,45,Mumbai Indians,0,7,44,7,32,0.0,0.0,1,1,2015,0,0,0,7,7
829817,2015-05-19,Wankhede Stadium,Mumbai Indians,Chennai Super Kings,2,13,4,F Du Plessis,DJ Bravo,Harbhajan Singh,1,0,1,0,[],0,Not Out,None,98,4,188,90.0,44,Mumbai Indians,0,45,7,33,7,0.0,0.0,1,1,2015,0,0,0,45,33
829817,2015-05-19,Wankhede Stadium,Mumbai Indians,Chennai Super Kings,2,13,5,Dj Bravo,F du Plessis,Harbhajan Singh,0,0,0,0,[],0,Not Out,None,98,4,188,90.0,43,Mumbai Indians,0,7,45,8,33,0.0,0.0,0,1,2015,0,0,1,7,8
829817,2015-05-19,Wankhede Stadium,Mumbai Indians,Chennai Super Kings,2,13,6,Dj Bravo,F du Plessis,Harbhajan Singh,1,0,1,0,[],0,Not Out,None,99,4,188,89.0,42,Mumbai Indians,0,8,45,9,33,0.0,0.0,1,1,2015,0,0,0,8,9
829817,2015-05-19,Wankhede Stadium,Mumbai Indians,Chennai Super Kings,2,14,1,Dj Bravo,F du Plessis,J Suchith,0,0,0,0,[],0,Not Out,None,99,4,188,89.0,41,Mumbai Indians,0,8,45,10,33,0.0,0.0,0,1,2015,0,0,1,8,10
829817,2015-05-19,Wankhede Stadium,Mumbai Indians,Chennai Super Kings,2,14,2,Dj Bravo,F du Plessis,J Suchith,6,0,6,0,[],0,Not Out,None,105,4,188,83.0,40,Mumbai Indians,0,14,45,11,33,0.0,0.0,6,1,2015,1,0,0,14,11
829817,2015-05-19,Wankhede Stadium,Mumbai Indians,Chennai Super Kings,2,14,3,Dj Bravo,F du Plessis,J Suchith,4,0,4,0,[],0,Not Out,None,109,4,188,79.0,39,Mumbai Indians,0,18,45,12,33,0.0,0.0,4,1,2015,0,0,0,18,12
829817,2015-05-19,Wankhede Stadium,Mumbai Indians,Chennai Super Kings,2,14,4,Dj Bravo,F du Plessis,J Suchith,1,0,1,0,[],0,Not Out,None,110,4,188,78.0,38,Mumbai Indians,0,19,45,13,33,0.0,0.0,1,1,2015,0,0,0,19,13
829817,2015-05-19,Wankhede Stadium,Mumbai Indians,Chennai Super Kings,2,14,5,F Du Plessis,DJ Bravo,J Suchith,0,0,0,0,[],1,caught,F du Plessis,110,5,188,78.0,37,Mumbai Indians,0,0,19,0,13,45.0,34.0,0,1,2015,0,1,1,45,34
829817,2015-05-19,Wankhede Stadium,Mumbai Indians,Chennai Super Kings,2,14,6,Dj Bravo,RA Jadeja,J Suchith,0,0,0,0,[],0,Not Out,None,110,5,188,78.0,36,Mumbai Indians,0,19,0,14,0,0.0,0.0,0,1,2015,0,0,1,19,14
829817,2015-05-19,Wankhede Stadium,Mumbai Indians,Chennai Super Kings,2,15,1,Ra Jadeja,DJ Bravo,KA Pollard,1,0,1,0,[],0,Not Out,None,111,5,188,77.0,35,Mumbai Indians,0,1,19,1,14,0.0,0.0,1,1,2015,0,0,0,1,1
829817,2015-05-19,Wankhede Stadium,Mumbai Indians,Chennai Super Kings,2,15,2,Dj Bravo,RA Jadeja,KA Pollard,1,0,1,0,[],0,Not Out,None,112,5,188,76.0,34,Mumbai Indians,0,20,1,15,1,0.0,0.0,1,1,2015,0,0,0,20,15
829817,2015-05-19,Wankhede Stadium,Mumbai Indians,Chennai Super Kings,2,15,3,Ra Jadeja,DJ Bravo,KA Pollard,4,0,4,0,[],0,Not Out,None,116,5,188,72.0,33,Mumbai Indians,0,5,20,2,15,0.0,0.0,4,1,2015,0,0,0,5,2
829817,2015-05-19,Wankhede Stadium,Mumbai Indians,Chennai Super Kings,2,15,4,Ra Jadeja,DJ Bravo,KA Pollard,2,0,2,0,[],0,Not Out,None,118,5,188,70.0,32,Mumbai Indians,0,7,20,3,15,0.0,0.0,2,1,2015,0,0,0,7,3
829817,2015-05-19,Wankhede Stadium,Mumbai Indians,Chennai Super Kings,2,15,5,Ra Jadeja,DJ Bravo,KA Pollard,1,0,1,0,[],1,run out,DJ Bravo,119,6,188,69.0,31,Mumbai Indians,0,8,0,4,0,20.0,15.0,1,1,2015,0,0,0,8,4
829817,2015-05-19,Wankhede Stadium,Mumbai Indians,Chennai Super Kings,2,15,6,Ra Jadeja,P Negi,KA Pollard,2,0,2,0,[],0,Not Out,None,121,6,188,67.0,30,Mumbai Indians,0,10,0,5,0,0.0,0.0,2,1,2015,0,0,0,10,5
829817,2015-05-19,Wankhede Stadium,Mumbai Indians,Chennai Super Kings,2,16,1,P Negi,RA Jadeja,R Vinay Kumar,2,0,2,0,[],0,Not Out,None,123,6,188,65.0,29,Mumbai Indians,0,2,10,1,5,0.0,0.0,2,1,2015,0,0,0,2,1
829817,2015-05-19,Wankhede Stadium,Mumbai Indians,Chennai Super Kings,2,16,2,P Negi,RA Jadeja,R Vinay Kumar,1,0,1,0,[],0,Not Out,None,124,6,188,64.0,28,Mumbai Indians,0,3,10,2,5,0.0,0.0,1,1,2015,0,0,0,3,2
829817,2015-05-19,Wankhede Stadium,Mumbai Indians,Chennai Super Kings,2,16,3,Ra Jadeja,P Negi,R Vinay Kumar,0,2,2,1,['wides'],0,Not Out,None,126,6,188,62.0,28,Mumbai Indians,0,10,3,6,2,0.0,0.0,2,0,2015,0,0,0,10,6
829817,2015-05-19,Wankhede Stadium,Mumbai Indians,Chennai Super Kings,2,16,3,P Negi,RA Jadeja,R Vinay Kumar,0,0,0,0,[],1,caught,P Negi,126,7,188,62.0,27,Mumbai Indians,0,0,10,0,6,3.0,3.0,0,1,2015,0,1,1,3,3
829817,2015-05-19,Wankhede Stadium,Mumbai Indians,Chennai Super Kings,2,16,4,R Ashwin,RA Jadeja,R Vinay Kumar,1,0,1,0,[],0,Not Out,None,127,7,188,61.0,26,Mumbai Indians,0,1,10,1,6,0.0,0.0,1,1,2015,0,0,0,1,1
829817,2015-05-19,Wankhede Stadium,Mumbai Indians,Chennai Super Kings,2,16,5,Ra Jadeja,R Ashwin,R Vinay Kumar,1,0,1,0,[],0,Not Out,None,128,7,188,60.0,25,Mumbai Indians,0,11,1,7,1,0.0,0.0,1,1,2015,0,0,0,11,7
829817,2015-05-19,Wankhede Stadium,Mumbai Indians,Chennai Super Kings,2,16,6,R Ashwin,RA Jadeja,R Vinay Kumar,1,0,1,0,[],0,Not Out,None,129,7,188,59.0,24,Mumbai Indians,0,2,11,2,7,0.0,0.0,1,1,2015,0,0,0,2,2
829817,2015-05-19,Wankhede Stadium,Mumbai Indians,Chennai Super Kings,2,17,1,R Ashwin,RA Jadeja,SL Malinga,1,0,1,0,[],0,Not Out,None,130,7,188,58.0,23,Mumbai Indians,0,3,11,3,7,0.0,0.0,1,1,2015,0,0,0,3,3
829817,2015-05-19,Wankhede Stadium,Mumbai Indians,Chennai Super Kings,2,17,2,Ra Jadeja,R Ashwin,SL Malinga,1,0,1,0,[],0,Not Out,None,131,7,188,57.0,22,Mumbai Indians,0,12,3,8,3,0.0,0.0,1,1,2015,0,0,0,12,8
829817,2015-05-19,Wankhede Stadium,Mumbai Indians,Chennai Super Kings,2,17,3,R Ashwin,RA Jadeja,SL Malinga,4,0,4,0,[],0,Not Out,None,135,7,188,53.0,21,Mumbai Indians,0,7,12,4,8,0.0,0.0,4,1,2015,0,0,0,7,4
829817,2015-05-19,Wankhede Stadium,Mumbai Indians,Chennai Super Kings,2,17,4,R Ashwin,RA Jadeja,SL Malinga,1,0,1,0,[],0,Not Out,None,136,7,188,52.0,20,Mumbai Indians,0,8,12,5,8,0.0,0.0,1,1,2015,0,0,0,8,5
829817,2015-05-19,Wankhede Stadium,Mumbai Indians,Chennai Super Kings,2,17,5,Ra Jadeja,R Ashwin,SL Malinga,1,0,1,0,[],0,Not Out,None,137,7,188,51.0,19,Mumbai Indians,0,13,8,9,5,0.0,0.0,1,1,2015,0,0,0,13,9
829817,2015-05-19,Wankhede Stadium,Mumbai Indians,Chennai Super Kings,2,17,6,R Ashwin,RA Jadeja,SL Malinga,4,0,4,0,[],0,Not Out,None,141,7,188,47.0,18,Mumbai Indians,0,12,13,6,9,0.0,0.0,4,1,2015,0,0,0,12,6
829817,2015-05-19,Wankhede Stadium,Mumbai Indians,Chennai Super Kings,2,18,1,Ra Jadeja,R Ashwin,MJ McClenaghan,6,0,6,0,[],0,Not Out,None,147,7,188,41.0,17,Mumbai Indians,0,19,12,10,6,0.0,0.0,6,1,2015,1,0,0,19,10
829817,2015-05-19,Wankhede Stadium,Mumbai Indians,Chennai Super Kings,2,18,2,Ra Jadeja,R Ashwin,MJ McClenaghan,0,0,0,0,[],1,caught,RA Jadeja,147,8,188,41.0,16,Mumbai Indians,0,0,12,0,6,19.0,11.0,0,1,2015,0,1,1,19,11
829817,2015-05-19,Wankhede Stadium,Mumbai Indians,Chennai Super Kings,2,18,3,R Ashwin,MM Sharma,MJ McClenaghan,0,1,1,1,['wides'],0,Not Out,None,148,8,188,40.0,16,Mumbai Indians,0,12,0,7,0,0.0,0.0,1,0,2015,0,0,0,12,7
829817,2015-05-19,Wankhede Stadium,Mumbai Indians,Chennai Super Kings,2,18,3,R Ashwin,MM Sharma,MJ McClenaghan,1,0,1,0,[],0,Not Out,None,149,8,188,39.0,15,Mumbai Indians,0,13,0,8,0,0.0,0.0,1,1,2015,0,0,0,13,8
829817,2015-05-19,Wankhede Stadium,Mumbai Indians,Chennai Super Kings,2,18,4,Mm Sharma,R Ashwin,MJ McClenaghan,1,0,1,0,[],0,Not Out,None,150,8,188,38.0,14,Mumbai Indians,0,1,13,1,8,0.0,0.0,1,1,2015,0,0,0,1,1
829817,2015-05-19,Wankhede Stadium,Mumbai Indians,Chennai Super Kings,2,18,5,R Ashwin,MM Sharma,MJ McClenaghan,6,0,6,0,[],0,Not Out,None,156,8,188,32.0,13,Mumbai Indians,0,19,1,9,1,0.0,0.0,6,1,2015,1,0,0,19,9
829817,2015-05-19,Wankhede Stadium,Mumbai Indians,Chennai Super Kings,2,18,6,R Ashwin,MM Sharma,MJ McClenaghan,1,0,1,0,[],0,Not Out,None,157,8,188,31.0,12,Mumbai Indians,0,20,1,10,1,0.0,0.0,1,1,2015,0,0,0,20,10
829817,2015-05-19,Wankhede Stadium,Mumbai Indians,Chennai Super Kings,2,19,1,R Ashwin,MM Sharma,SL Malinga,1,0,1,0,[],0,Not Out,None,158,8,188,30.0,11,Mumbai Indians,0,21,1,11,1,0.0,0.0,1,1,2015,0,0,0,21,11
829817,2015-05-19,Wankhede Stadium,Mumbai Indians,Chennai Super Kings,2,19,2,Mm Sharma,R Ashwin,SL Malinga,1,0,1,0,[],0,Not Out,None,159,8,188,29.0,10,Mumbai Indians,0,2,21,2,11,0.0,0.0,1,1,2015,0,0,0,2,2
829817,2015-05-19,Wankhede Stadium,Mumbai Indians,Chennai Super Kings,2,19,3,R Ashwin,MM Sharma,SL Malinga,2,0,2,0,[],0,Not Out,None,161,8,188,27.0,9,Mumbai Indians,0,23,2,12,2,0.0,0.0,2,1,2015,0,0,0,23,12
829817,2015-05-19,Wankhede Stadium,Mumbai Indians,Chennai Super Kings,2,19,4,R Ashwin,MM Sharma,SL Malinga,0,0,0,0,[],1,caught,R Ashwin,161,9,188,27.0,8,Mumbai Indians,0,0,2,0,2,23.0,13.0,0,1,2015,0,1,1,23,13
829817,2015-05-19,Wankhede Stadium,Mumbai Indians,Chennai Super Kings,2,19,5,Mm Sharma,A Nehra,SL Malinga,1,0,1,0,[],0,Not Out,None,162,9,188,26.0,7,Mumbai Indians,0,3,0,3,0,0.0,0.0,1,1,2015,0,0,0,3,3
829817,2015-05-19,Wankhede Stadium,Mumbai Indians,Chennai Super Kings,2,19,6,A Nehra,MM Sharma,SL Malinga,0,0,0,0,[],1,caught,A Nehra,162,10,188,26.0,6,Mumbai Indians,0,0,3,0,3,0.0,1.0,0,1,2015,0,1,1,0,1
336022,2008-05-17,Feroz Shah Kotla,Delhi Capitals,Kings XI Punjab,1,1,1,G Gambhir,V Sehwag,S Sreesanth,0,0,0,0,[],0,Not Out,None,0,0,89,0.0,119,Kings XI Punjab,1,0,0,1,0,0.0,0.0,0,1,2008,0,0,1,0,1
336022,2008-05-17,Feroz Shah Kotla,Delhi Capitals,Kings XI Punjab,1,1,2,G Gambhir,V Sehwag,S Sreesanth,0,1,1,1,['wides'],0,Not Out,None,1,0,89,0.0,119,Kings XI Punjab,1,0,0,0,0,0.0,0.0,1,0,2008,0,0,0,0,2
336022,2008-05-17,Feroz Shah Kotla,Delhi Capitals,Kings XI Punjab,1,1,2,G Gambhir,V Sehwag,S Sreesanth,0,2,2,1,['wides'],0,Not Out,None,3,0,89,0.0,119,Kings XI Punjab,1,0,0,0,0,0.0,0.0,2,0,2008,0,0,0,0,3
336022,2008-05-17,Feroz Shah Kotla,Delhi Capitals,Kings XI Punjab,1,1,2,V Sehwag,G Gambhir,S Sreesanth,0,0,0,0,[],0,Not Out,None,3,0,89,0.0,118,Kings XI Punjab,1,0,0,1,1,0.0,0.0,0,1,2008,0,0,1,0,1
336022,2008-05-17,Feroz Shah Kotla,Delhi Capitals,Kings XI Punjab,1,1,3,V Sehwag,G Gambhir,S Sreesanth,0,0,0,0,[],0,Not Out,None,3,0,89,0.0,117,Kings XI Punjab,1,0,0,2,1,0.0,0.0,0,1,2008,0,0,1,0,2
336022,2008-05-17,Feroz Shah Kotla,Delhi Capitals,Kings XI Punjab,1,1,4,V Sehwag,G Gambhir,S Sreesanth,0,0,0,0,[],0,Not Out,None,3,0,89,0.0,116,Kings XI Punjab,1,0,0,3,1,0.0,0.0,0,1,2008,0,0,1,0,3
336022,2008-05-17,Feroz Shah Kotla,Delhi Capitals,Kings XI Punjab,1,1,5,V Sehwag,G Gambhir,S Sreesanth,0,1,1,1,['wides'],0,Not Out,None,4,0,89,0.0,116,Kings XI Punjab,1,0,0,3,1,0.0,0.0,1,0,2008,0,0,0,0,4
336022,2008-05-17,Feroz Shah Kotla,Delhi Capitals,Kings XI Punjab,1,1,5,V Sehwag,G Gambhir,S Sreesanth,6,0,6,0,[],0,Not Out,None,10,0,89,0.0,115,Kings XI Punjab,1,6,0,4,1,0.0,0.0,6,1,2008,1,0,0,6,5
336022,2008-05-17,Feroz Shah Kotla,Delhi Capitals,Kings XI Punjab,1,1,6,V Sehwag,G Gambhir,S Sreesanth,0,0,0,0,[],0,Not Out,None,10,0,89,0.0,114,Kings XI Punjab,1,6,0,5,1,0.0,0.0,0,1,2008,0,0,1,6,6
336022,2008-05-17,Feroz Shah Kotla,Delhi Capitals,Kings XI Punjab,1,2,1,G Gambhir,V Sehwag,IK Pathan,0,0,0,0,[],0,Not Out,None,10,0,89,0.0,113,Kings XI Punjab,1,0,6,2,5,0.0,0.0,0,1,2008,0,0,1,0,4
336022,2008-05-17,Feroz Shah Kotla,Delhi Capitals,Kings XI Punjab,1,2,2,G Gambhir,V Sehwag,IK Pathan,0,0,0,0,[],0,Not Out,None,10,0,89,0.0,112,Kings XI Punjab,1,0,6,3,5,0.0,0.0,0,1,2008,0,0,1,0,5
336022,2008-05-17,Feroz Shah Kotla,Delhi Capitals,Kings XI Punjab,1,2,3,G Gambhir,V Sehwag,IK Pathan,4,0,4,0,[],0,Not Out,None,14,0,89,0.0,111,Kings XI Punjab,1,4,6,4,5,0.0,0.0,4,1,2008,0,0,0,4,6
336022,2008-05-17,Feroz Shah Kotla,Delhi Capitals,Kings XI Punjab,1,2,4,G Gambhir,V Sehwag,IK Pathan,0,0,0,0,[],0,Not Out,None,14,0,89,0.0,110,Kings XI Punjab,1,4,6,5,5,0.0,0.0,0,1,2008,0,0,1,4,7
336022,2008-05-17,Feroz Shah Kotla,Delhi Capitals,Kings XI Punjab,1,2,5,G Gambhir,V Sehwag,IK Pathan,0,0,0,0,[],0,Not Out,None,14,0,89,0.0,109,Kings XI Punjab,1,4,6,6,5,0.0,0.0,0,1,2008,0,0,1,4,8
336022,2008-05-17,Feroz Shah Kotla,Delhi Capitals,Kings XI Punjab,1,2,6,G Gambhir,V Sehwag,IK Pathan,0,0,0,0,[],0,Not Out,None,14,0,89,0.0,108,Kings XI Punjab,1,4,6,7,5,0.0,0.0,0,1,2008,0,0,1,4,9
336022,2008-05-17,Feroz Shah Kotla,Delhi Capitals,Kings XI Punjab,1,3,1,V Sehwag,G Gambhir,S Sreesanth,2,0,2,0,[],0,Not Out,None,16,0,89,0.0,107,Kings XI Punjab,1,8,4,6,7,0.0,0.0,2,1,2008,0,0,0,8,7
336022,2008-05-17,Feroz Shah Kotla,Delhi Capitals,Kings XI Punjab,1,3,2,V Sehwag,G Gambhir,S Sreesanth,1,0,1,0,[],0,Not Out,None,17,0,89,0.0,106,Kings XI Punjab,1,9,4,7,7,0.0,0.0,1,1,2008,0,0,0,9,8
